[17:28:02] [main/INFO] (FabricLoader/GameProvider) Loading Minecraft 1.19.2 with Fabric Loader 0.16.10
[17:28:02] [main/DEBUG] (FabricLoader/GamePatch) Found game constructor: net.minecraft.client.main.Main -> net.minecraft.client.MinecraftClient
[17:28:02] [main/DEBUG] (FabricLoader/GamePatch) Patching game constructor <init>(Lnet/minecraft/client/RunArgs;)V
[17:28:02] [main/DEBUG] (FabricLoader/GamePatch) Run directory field is thought to be net/minecraft/client/MinecraftClient/runDirectory
[17:28:02] [main/DEBUG] (FabricLoader/GamePatch) Applying brand name hook to net/minecraft/client/ClientBrandRetriever::getClientModName
[17:28:02] [main/DEBUG] (FabricLoader/GamePatch) Applying brand name hook to net/minecraft/server/MinecraftServer::getServerModName
[17:28:02] [main/DEBUG] (FabricLoader/Mappings) Loading mappings took 117 ms
[17:28:02] [main/DEBUG] (FabricLoader/GamePatch) Patched 4 classs
[17:28:02] [main/DEBUG] (FabricLoader/Discovery) Mod discovery time: 79.5 ms
[17:28:03] [main/DEBUG] (FabricLoader/Resolution) Mod resolution time: 71.9 ms
[17:28:03] [main/INFO] (FabricLoader) Loading 97 mods:
	- create 0.5.1-i-build.1630+mc1.19.2
	   |-- com_google_code_findbugs_jsr305 3.0.2
	   |-- flywheel 0.6.11-9
	   |-- forge_tags 3.0
	   |-- forgeconfigapiport 4.2.11
	   |    |-- com_electronwill_night-config_core 3.6.5
	   |    \-- com_electronwill_night-config_toml 3.6.5
	   |-- milk 1.0.51
	   |    \-- dripstone_fluid_lib 2.0.1
	   |-- porting_lib_accessors 2.1.1453+1.19.2
	   |-- porting_lib_base 2.1.1453+1.19.2
	   |    |-- mm 2.3
	   |    |-- porting_lib_attributes 2.1.1453+1.19.2
	   |    |-- porting_lib_common 2.1.1453+1.19.2
	   |    |-- porting_lib_constants 2.1.1453+1.19.2
	   |    |-- porting_lib_lazy_registration 2.1.1453+1.19.2
	   |    |-- porting_lib_loot 2.1.1453+1.19.2
	   |    |-- porting_lib_model_generators 2.1.1453+1.19.2
	   |    |-- porting_lib_model_loader 2.1.1453+1.19.2
	   |    |-- porting_lib_models 2.1.1453+1.19.2
	   |    \-- serialization_hooks 0.3.26
	   |-- porting_lib_entity 2.1.1453+1.19.2
	   |    \-- porting_lib_constants 2.1.1453+1.19.2
	   |-- porting_lib_extensions 2.1.1453+1.19.2
	   |    |-- porting_lib_attributes 2.1.1453+1.19.2
	   |    |-- porting_lib_common 2.1.1453+1.19.2
	   |    \-- porting_lib_constants 2.1.1453+1.19.2
	   |-- porting_lib_fake_players 2.1.1453+1.19.2
	   |-- porting_lib_networking 2.1.1453+1.19.2
	   |-- porting_lib_obj_loader 2.1.1453+1.19.2
	   |    |-- porting_lib_attributes 2.1.1453+1.19.2
	   |    |-- porting_lib_common 2.1.1453+1.19.2
	   |    |-- porting_lib_constants 2.1.1453+1.19.2
	   |    \-- porting_lib_model_loader 2.1.1453+1.19.2
	   |-- porting_lib_transfer 2.1.1453+1.19.2
	   |    |-- porting_lib_attributes 2.1.1453+1.19.2
	   |    |-- porting_lib_common 2.1.1453+1.19.2
	   |    \-- porting_lib_constants 2.1.1453+1.19.2
	   |-- reach-entity-attributes 2.3.0
	   \-- registrate-fabric 1.1.58-MC1.19.2
	- devauth 1.2.0
	- emi 1.1.22+1.19.2+fabric
	- fabric-api 0.77.0+1.19.2
	- fabric-api-base 0.4.15+8f4e8eb390
	- fabric-api-lookup-api-v1 1.6.14+93d8cb8290
	- fabric-biome-api-v1 9.1.1+16f1e31390
	- fabric-block-api-v1 1.0.2+e415d50e90
	- fabric-blockrenderlayer-v1 1.1.25+cafc6e8e90
	- fabric-client-tags-api-v1 1.0.5+b35fea8390
	- fabric-command-api-v2 2.2.1+413cbbc790
	- fabric-content-registries-v0 3.5.2+7c6cd14d90
	- fabric-convention-tags-v1 1.3.0+4bc6e26290
	- fabric-crash-report-info-v1 0.2.8+aeb40ebe90
	- fabric-data-generation-api-v1 5.3.9+413cbbc790
	- fabric-dimensions-v1 2.1.35+0d0f210290
	- fabric-entity-events-v1 1.5.4+9244241690
	- fabric-events-interaction-v0 0.4.34+562bff6e90
	- fabric-game-rule-api-v1 1.0.24+b6b6abb490
	- fabric-gametest-api-v1 1.1.8+4d0d570390
	- fabric-item-api-v1 1.6.6+b7d1888890
	- fabric-item-groups-v0 0.3.39+9244241690
	- fabric-key-binding-api-v1 1.0.25+5c4fce2890
	- fabric-lifecycle-events-v1 2.2.4+1b46dc7890
	- fabric-loot-api-v2 1.1.13+83a8659290
	- fabric-message-api-v1 5.0.7+93d8cb8290
	- fabric-mining-level-api-v1 2.1.24+33fbc73890
	- fabric-models-v0 0.3.21+c6af733c90
	- fabric-networking-api-v1 1.2.12+def3f86d90
	- fabric-object-builder-api-v1 4.2.2+d8ef690890
	- fabric-particles-v1 1.1.0+ee641e7390
	- fabric-recipe-api-v1 1.0.2+413cbbc790
	- fabric-registry-sync-v0 0.9.33+9244241690
	- fabric-renderer-api-v1 1.2.1+1adbf27790
	- fabric-renderer-indigo 0.8.0+1adbf27790
	- fabric-rendering-data-attachment-v1 0.3.19+6e0787e690
	- fabric-rendering-fluids-v1 3.0.11+4d0d570390
	- fabric-rendering-v1 1.13.0+526f2c6790
	- fabric-resource-conditions-api-v1 2.1.2+aae9039d90
	- fabric-resource-loader-v0 0.8.4+edbdcddb90
	- fabric-screen-api-v1 1.0.32+4d0d570390
	- fabric-screen-handler-api-v1 1.3.8+1cc24b1b90
	- fabric-sound-api-v1 1.0.2+c4f28df590
	- fabric-textures-v0 1.0.24+aeb40ebe90
	- fabric-transfer-api-v1 2.1.6+413cbbc790
	- fabric-transitive-access-wideners-v1 1.3.3+08b73de490
	- fabricloader 0.16.10
	   \-- mixinextras 0.4.1
	- geckolib3 3.1.40
	   \-- com_eliotlash_mclib_mclib 20
	- icarus 1.14
	- java 17
	- midnightlib 1.0.0
	- minecraft 1.19.2
	- modmenu 4.2.0-beta.2
	- origins 1.7.1
	   |-- apoli 2.6.1
	   |    |-- additionalentityattributes 1.0.0+1.19
	   |    |-- calio 1.7.0
	   |    |-- cloth-config 8.0.75
	   |    |    \-- cloth-basic-math 0.6.1
	   |    \-- playerabilitylib 1.6.0
	   \-- reach-entity-attributes 2.3.0
	- pickyourpoison 1.0.11
	   |-- cardinal-components-base 5.0.2
	   |-- cardinal-components-entity 5.0.2
	   \-- org_json_json 20211205
	- satin 1.9.2
	- timeshattered 0.0.1-1.19.2
	- trinkets 3.4.2
[17:28:12] [main/DEBUG] (FabricLoader/Knot) Adding C:\Users\oskar\OneDrive\Skrivbord\Timeshattered mod\.gradle\loom-cache\remapped_mods\net_fabricmc_yarn_1_19_2_1_19_2_build_28_v2\net\fabricmc\fabric-api\fabric-registry-sync-v0\0.9.33+9244241690\fabric-registry-sync-v0-0.9.33+9244241690.jar to classpath.
[17:28:12] [main/DEBUG] (FabricLoader/Knot) Adding C:\Users\oskar\OneDrive\Skrivbord\Timeshattered mod\.gradle\loom-cache\remapped_mods\net_fabricmc_yarn_1_19_2_1_19_2_build_28_v2\net\fabricmc\fabric-api\fabric-mining-level-api-v1\2.1.24+33fbc73890\fabric-mining-level-api-v1-2.1.24+33fbc73890.jar to classpath.
[17:28:12] [main/DEBUG] (FabricLoader/Knot) Adding C:\Users\oskar\OneDrive\Skrivbord\Timeshattered mod\.gradle\loom-cache\remapped_mods\net_fabricmc_yarn_1_19_2_1_19_2_build_28_v2\net\fabricmc\fabric-api\fabric-command-api-v2\2.2.1+413cbbc790\fabric-command-api-v2-2.2.1+413cbbc790.jar to classpath.
[17:28:12] [main/DEBUG] (FabricLoader/Knot) Adding C:\Users\oskar\OneDrive\Skrivbord\Timeshattered mod\run\.fabric\processedMods\modmenu-4.2.0-beta.2-64b5720b4b825f21.jar to classpath.
[17:28:12] [main/DEBUG] (FabricLoader/Knot) Adding C:\Users\oskar\OneDrive\Skrivbord\Timeshattered mod\.gradle\loom-cache\remapped_mods\net_fabricmc_yarn_1_19_2_1_19_2_build_28_v2\net\fabricmc\fabric-api\fabric-events-interaction-v0\0.4.34+562bff6e90\fabric-events-interaction-v0-0.4.34+562bff6e90.jar to classpath.
[17:28:12] [main/DEBUG] (FabricLoader/Knot) Adding C:\Users\oskar\OneDrive\Skrivbord\Timeshattered mod\.gradle\loom-cache\remapped_mods\net_fabricmc_yarn_1_19_2_1_19_2_build_28_v2\net\fabricmc\fabric-api\fabric-rendering-data-attachment-v1\0.3.19+6e0787e690\fabric-rendering-data-attachment-v1-0.3.19+6e0787e690.jar to classpath.
[17:28:12] [main/DEBUG] (FabricLoader/Knot) Adding C:\Users\oskar\OneDrive\Skrivbord\Timeshattered mod\.gradle\loom-cache\remapped_mods\net_fabricmc_yarn_1_19_2_1_19_2_build_28_v2\net\fabricmc\fabric-api\fabric-resource-loader-v0\0.8.4+edbdcddb90\fabric-resource-loader-v0-0.8.4+edbdcddb90.jar to classpath.
[17:28:12] [main/DEBUG] (FabricLoader/Knot) Adding C:\Users\oskar\OneDrive\Skrivbord\Timeshattered mod\run\.fabric\processedMods\calio-1.7.0-db508a6cf566e181.jar to classpath.
[17:28:12] [main/DEBUG] (FabricLoader/Knot) Adding C:\Users\oskar\OneDrive\Skrivbord\Timeshattered mod\run\.fabric\processedMods\pickyourpoison-1.0.11-64b5720b4b825f21.jar to classpath.
[17:28:12] [main/DEBUG] (FabricLoader/Knot) Adding C:\Users\oskar\OneDrive\Skrivbord\Timeshattered mod\run\.fabric\processedMods\playerabilitylib-1.6.0-37dc33edd6b65e6c.jar to classpath.
[17:28:12] [main/DEBUG] (FabricLoader/Knot) Adding C:\Users\oskar\OneDrive\Skrivbord\Timeshattered mod\.gradle\loom-cache\remapped_mods\net_fabricmc_yarn_1_19_2_1_19_2_build_28_v2\net\fabricmc\fabric-api\fabric-game-rule-api-v1\1.0.24+b6b6abb490\fabric-game-rule-api-v1-1.0.24+b6b6abb490.jar to classpath.
[17:28:12] [main/DEBUG] (FabricLoader/Knot) Adding C:\Users\oskar\OneDrive\Skrivbord\Timeshattered mod\.gradle\loom-cache\remapped_mods\net_fabricmc_yarn_1_19_2_1_19_2_build_28_v2\net\fabricmc\fabric-api\fabric-biome-api-v1\9.1.1+16f1e31390\fabric-biome-api-v1-9.1.1+16f1e31390.jar to classpath.
[17:28:12] [main/DEBUG] (FabricLoader/Knot) Adding C:\Users\oskar\OneDrive\Skrivbord\Timeshattered mod\run\.fabric\processedMods\porting_lib_networking-2.1.1453+1.19.2-c937f6ec5d3a3fe0.jar to classpath.
[17:28:12] [main/DEBUG] (FabricLoader/Knot) Adding C:\Users\oskar\OneDrive\Skrivbord\Timeshattered mod\run\.fabric\processedMods\porting_lib_extensions-2.1.1453+1.19.2-72ef554e01375589.jar to classpath.
[17:28:12] [main/DEBUG] (FabricLoader/Knot) Adding C:\Users\oskar\OneDrive\Skrivbord\Timeshattered mod\run\.fabric\processedMods\origins-1.7.1-64b5720b4b825f21.jar to classpath.
[17:28:12] [main/DEBUG] (FabricLoader/Knot) Adding C:\Users\oskar\OneDrive\Skrivbord\Timeshattered mod\run\.fabric\processedMods\porting_lib_models-2.1.1453+1.19.2-ed5bbc19e8a27748.jar to classpath.
[17:28:12] [main/DEBUG] (FabricLoader/Knot) Adding C:\Users\oskar\OneDrive\Skrivbord\Timeshattered mod\run\.fabric\processedMods\emi-1.1.22+1.19.2+fabric-64b5720b4b825f21.jar to classpath.
[17:28:12] [main/DEBUG] (FabricLoader/Knot) Adding C:\Users\oskar\OneDrive\Skrivbord\Timeshattered mod\run\.fabric\processedMods\org_json_json-20211205-afcc2f3f88da4ee2.jar to classpath.
[17:28:12] [main/DEBUG] (FabricLoader/Knot) Adding C:\Users\oskar\OneDrive\Skrivbord\Timeshattered mod\.gradle\loom-cache\remapped_mods\net_fabricmc_yarn_1_19_2_1_19_2_build_28_v2\me\djtheredstoner\DevAuth-fabric\1.2.0\DevAuth-fabric-1.2.0.jar to classpath.
[17:28:12] [main/DEBUG] (FabricLoader/Knot) Adding C:\Users\oskar\OneDrive\Skrivbord\Timeshattered mod\run\.fabric\processedMods\porting_lib_entity-2.1.1453+1.19.2-eb7a4cf868e34075.jar to classpath.
[17:28:12] [main/DEBUG] (FabricLoader/Knot) Adding C:\Users\oskar\OneDrive\Skrivbord\Timeshattered mod\.gradle\loom-cache\remapped_mods\net_fabricmc_yarn_1_19_2_1_19_2_build_28_v2\net\fabricmc\fabric-api\fabric-api-base\0.4.15+8f4e8eb390\fabric-api-base-0.4.15+8f4e8eb390.jar to classpath.
[17:28:12] [main/DEBUG] (FabricLoader/Knot) Adding C:\Users\oskar\OneDrive\Skrivbord\Timeshattered mod\.gradle\loom-cache\remapped_mods\net_fabricmc_yarn_1_19_2_1_19_2_build_28_v2\net\fabricmc\fabric-api\fabric-message-api-v1\5.0.7+93d8cb8290\fabric-message-api-v1-5.0.7+93d8cb8290.jar to classpath.
[17:28:12] [main/DEBUG] (FabricLoader/Knot) Adding C:\Users\oskar\OneDrive\Skrivbord\Timeshattered mod\run\.fabric\processedMods\reach-entity-attributes-2.3.0-c226c570f5a1cfa1.jar to classpath.
[17:28:12] [main/DEBUG] (FabricLoader/Knot) Adding C:\Users\oskar\OneDrive\Skrivbord\Timeshattered mod\.gradle\loom-cache\remapped_mods\net_fabricmc_yarn_1_19_2_1_19_2_build_28_v2\net\fabricmc\fabric-api\fabric-api-lookup-api-v1\1.6.14+93d8cb8290\fabric-api-lookup-api-v1-1.6.14+93d8cb8290.jar to classpath.
[17:28:12] [main/DEBUG] (FabricLoader/Knot) Adding C:\Users\oskar\OneDrive\Skrivbord\Timeshattered mod\run\.fabric\processedMods\midnightlib-1.0.0-64b5720b4b825f21.jar to classpath.
[17:28:12] [main/DEBUG] (FabricLoader/Knot) Adding C:\Users\oskar\OneDrive\Skrivbord\Timeshattered mod\.gradle\loom-cache\remapped_mods\net_fabricmc_yarn_1_19_2_1_19_2_build_28_v2\net\fabricmc\fabric-api\fabric-item-api-v1\1.6.6+b7d1888890\fabric-item-api-v1-1.6.6+b7d1888890.jar to classpath.
[17:28:12] [main/DEBUG] (FabricLoader/Knot) Adding C:\Users\oskar\OneDrive\Skrivbord\Timeshattered mod\.gradle\loom-cache\remapped_mods\net_fabricmc_yarn_1_19_2_1_19_2_build_28_v2\net\fabricmc\fabric-api\fabric-rendering-fluids-v1\3.0.11+4d0d570390\fabric-rendering-fluids-v1-3.0.11+4d0d570390.jar to classpath.
[17:28:12] [main/DEBUG] (FabricLoader/Knot) Adding C:\Users\oskar\OneDrive\Skrivbord\Timeshattered mod\.gradle\loom-cache\remapped_mods\net_fabricmc_yarn_1_19_2_1_19_2_build_28_v2\net\fabricmc\fabric-api\fabric-renderer-api-v1\1.2.1+1adbf27790\fabric-renderer-api-v1-1.2.1+1adbf27790.jar to classpath.
[17:28:12] [main/DEBUG] (FabricLoader/Knot) Adding C:\Users\oskar\OneDrive\Skrivbord\Timeshattered mod\.gradle\loom-cache\remapped_mods\net_fabricmc_yarn_1_19_2_1_19_2_build_28_v2\net\fabricmc\fabric-api\fabric-api\0.77.0+1.19.2\fabric-api-0.77.0+1.19.2.jar to classpath.
[17:28:12] [main/DEBUG] (FabricLoader/Knot) Adding C:\Users\oskar\OneDrive\Skrivbord\Timeshattered mod\.gradle\loom-cache\remapped_mods\net_fabricmc_yarn_1_19_2_1_19_2_build_28_v2\net\fabricmc\fabric-api\fabric-convention-tags-v1\1.3.0+4bc6e26290\fabric-convention-tags-v1-1.3.0+4bc6e26290.jar to classpath.
[17:28:12] [main/DEBUG] (FabricLoader/Knot) Adding C:\Users\oskar\OneDrive\Skrivbord\Timeshattered mod\.gradle\loom-cache\remapped_mods\net_fabricmc_yarn_1_19_2_1_19_2_build_28_v2\net\fabricmc\fabric-api\fabric-networking-api-v1\1.2.12+def3f86d90\fabric-networking-api-v1-1.2.12+def3f86d90.jar to classpath.
[17:28:12] [main/DEBUG] (FabricLoader/Knot) Adding C:\Users\oskar\OneDrive\Skrivbord\Timeshattered mod\run\.fabric\processedMods\icarus-1.14-64b5720b4b825f21.jar to classpath.
[17:28:12] [main/DEBUG] (FabricLoader/Knot) Adding C:\Users\oskar\OneDrive\Skrivbord\Timeshattered mod\run\.fabric\processedMods\forgeconfigapiport-4.2.11-35f8151985efd34.jar to classpath.
[17:28:12] [main/DEBUG] (FabricLoader/Knot) Adding C:\Users\oskar\OneDrive\Skrivbord\Timeshattered mod\.gradle\loom-cache\remapped_mods\net_fabricmc_yarn_1_19_2_1_19_2_build_28_v2\net\fabricmc\fabric-api\fabric-particles-v1\1.1.0+ee641e7390\fabric-particles-v1-1.1.0+ee641e7390.jar to classpath.
[17:28:12] [main/DEBUG] (FabricLoader/Knot) Adding C:\Users\oskar\OneDrive\Skrivbord\Timeshattered mod\.gradle\loom-cache\remapped_mods\net_fabricmc_yarn_1_19_2_1_19_2_build_28_v2\net\fabricmc\fabric-api\fabric-lifecycle-events-v1\2.2.4+1b46dc7890\fabric-lifecycle-events-v1-2.2.4+1b46dc7890.jar to classpath.
[17:28:12] [main/DEBUG] (FabricLoader/Knot) Adding C:\Users\oskar\OneDrive\Skrivbord\Timeshattered mod\.gradle\loom-cache\remapped_mods\net_fabricmc_yarn_1_19_2_1_19_2_build_28_v2\net\fabricmc\fabric-api\fabric-entity-events-v1\1.5.4+9244241690\fabric-entity-events-v1-1.5.4+9244241690.jar to classpath.
[17:28:12] [main/DEBUG] (FabricLoader/Knot) Adding C:\Users\oskar\OneDrive\Skrivbord\Timeshattered mod\run\.fabric\processedMods\cloth-config-8.0.75-d96bc66fbaac6038.jar to classpath.
[17:28:12] [main/DEBUG] (FabricLoader/Knot) Adding C:\Users\oskar\OneDrive\Skrivbord\Timeshattered mod\.gradle\loom-cache\remapped_mods\net_fabricmc_yarn_1_19_2_1_19_2_build_28_v2\net\fabricmc\fabric-api\fabric-transfer-api-v1\2.1.6+413cbbc790\fabric-transfer-api-v1-2.1.6+413cbbc790.jar to classpath.
[17:28:12] [main/DEBUG] (FabricLoader/Knot) Adding C:\Users\oskar\OneDrive\Skrivbord\Timeshattered mod\run\.fabric\processedMods\cloth-basic-math-0.6.1-17ea6dce277cc3b8.jar to classpath.
[17:28:12] [main/DEBUG] (FabricLoader/Knot) Adding C:\Users\oskar\OneDrive\Skrivbord\Timeshattered mod\.gradle\loom-cache\remapped_mods\net_fabricmc_yarn_1_19_2_1_19_2_build_28_v2\net\fabricmc\fabric-api\fabric-renderer-indigo\0.8.0+1adbf27790\fabric-renderer-indigo-0.8.0+1adbf27790.jar to classpath.
[17:28:12] [main/DEBUG] (FabricLoader/Knot) Adding C:\Users\oskar\OneDrive\Skrivbord\Timeshattered mod\run\.fabric\processedMods\mixinextras-0.4.1-215bdc40eef77b8f.jar to classpath.
[17:28:12] [main/DEBUG] (FabricLoader/Knot) Adding C:\Users\oskar\OneDrive\Skrivbord\Timeshattered mod\run\.fabric\processedMods\porting_lib_base-2.1.1453+1.19.2-2e634a717ec8b9c3.jar to classpath.
[17:28:12] [main/DEBUG] (FabricLoader/Knot) Adding C:\Users\oskar\OneDrive\Skrivbord\Timeshattered mod\run\.fabric\processedMods\forge_tags-3.0-d44a3bed99913d5.jar to classpath.
[17:28:12] [main/DEBUG] (FabricLoader/Knot) Adding C:\Users\oskar\OneDrive\Skrivbord\Timeshattered mod\run\.fabric\processedMods\porting_lib_model_generators-2.11453+1.19.2-85834e9ab7d8f7af.jar to classpath.
[17:28:12] [main/DEBUG] (FabricLoader/Knot) Adding C:\Users\oskar\OneDrive\Skrivbord\Timeshattered mod\.gradle\loom-cache\remapped_mods\net_fabricmc_yarn_1_19_2_1_19_2_build_28_v2\net\fabricmc\fabric-api\fabric-data-generation-api-v1\5.3.9+413cbbc790\fabric-data-generation-api-v1-5.3.9+413cbbc790.jar to classpath.
[17:28:12] [main/DEBUG] (FabricLoader/Knot) Adding C:\Users\oskar\OneDrive\Skrivbord\Timeshattered mod\.gradle\loom-cache\remapped_mods\net_fabricmc_yarn_1_19_2_1_19_2_build_28_v2\net\fabricmc\fabric-api\fabric-recipe-api-v1\1.0.2+413cbbc790\fabric-recipe-api-v1-1.0.2+413cbbc790.jar to classpath.
[17:28:12] [main/DEBUG] (FabricLoader/Knot) Adding C:\Users\oskar\OneDrive\Skrivbord\Timeshattered mod\run\.fabric\processedMods\mm-2.3-dea3eead7ecec716.jar to classpath.
[17:28:12] [main/DEBUG] (FabricLoader/Knot) Adding C:\Users\oskar\OneDrive\Skrivbord\Timeshattered mod\build\resources\main to classpath.
[17:28:12] [main/DEBUG] (FabricLoader/Knot) Adding C:\Users\oskar\OneDrive\Skrivbord\Timeshattered mod\.gradle\loom-cache\remapped_mods\net_fabricmc_yarn_1_19_2_1_19_2_build_28_v2\net\fabricmc\fabric-api\fabric-transitive-access-wideners-v1\1.3.3+08b73de490\fabric-transitive-access-wideners-v1-1.3.3+08b73de490.jar to classpath.
[17:28:12] [main/DEBUG] (FabricLoader/Knot) Adding C:\Users\oskar\OneDrive\Skrivbord\Timeshattered mod\run\.fabric\processedMods\geckolib3-3.1.40-64b5720b4b825f21.jar to classpath.
[17:28:12] [main/DEBUG] (FabricLoader/Knot) Adding C:\Users\oskar\OneDrive\Skrivbord\Timeshattered mod\.gradle\loom-cache\remapped_mods\net_fabricmc_yarn_1_19_2_1_19_2_build_28_v2\net\fabricmc\fabric-api\fabric-client-tags-api-v1\1.0.5+b35fea8390\fabric-client-tags-api-v1-1.0.5+b35fea8390.jar to classpath.
[17:28:12] [main/DEBUG] (FabricLoader/Knot) Adding C:\Users\oskar\OneDrive\Skrivbord\Timeshattered mod\run\.fabric\processedMods\cardinal-components-base-5.0.2-f6adbaa29328b251.jar to classpath.
[17:28:12] [main/DEBUG] (FabricLoader/Knot) Adding C:\Users\oskar\OneDrive\Skrivbord\Timeshattered mod\run\.fabric\processedMods\registrate-fabric-1.1.58-MC1.19.2-213c788fdd91bf91.jar to classpath.
[17:28:12] [main/DEBUG] (FabricLoader/Knot) Adding C:\Users\oskar\OneDrive\Skrivbord\Timeshattered mod\.gradle\loom-cache\remapped_mods\net_fabricmc_yarn_1_19_2_1_19_2_build_28_v2\net\fabricmc\fabric-api\fabric-block-api-v1\1.0.2+e415d50e90\fabric-block-api-v1-1.0.2+e415d50e90.jar to classpath.
[17:28:12] [main/DEBUG] (FabricLoader/Knot) Adding C:\Users\oskar\OneDrive\Skrivbord\Timeshattered mod\.gradle\loom-cache\remapped_mods\net_fabricmc_yarn_1_19_2_1_19_2_build_28_v2\net\fabricmc\fabric-api\fabric-key-binding-api-v1\1.0.25+5c4fce2890\fabric-key-binding-api-v1-1.0.25+5c4fce2890.jar to classpath.
[17:28:12] [main/DEBUG] (FabricLoader/Knot) Adding C:\Users\oskar\OneDrive\Skrivbord\Timeshattered mod\run\.fabric\processedMods\porting_lib_attributes-2.1.1453+1.19.2-7a9f3fd8b5261d77.jar to classpath.
[17:28:12] [main/DEBUG] (FabricLoader/Knot) Adding C:\Users\oskar\OneDrive\Skrivbord\Timeshattered mod\run\.fabric\processedMods\com_electronwill_night-config_toml-3.6.5-99e796e4356fe2e5.jar to classpath.
[17:28:12] [main/DEBUG] (FabricLoader/Knot) Adding C:\Users\oskar\OneDrive\Skrivbord\Timeshattered mod\run\.fabric\processedMods\com_google_code_findbugs_jsr305-3.0.2-a2f025c66ff47217.jar to classpath.
[17:28:12] [main/DEBUG] (FabricLoader/Knot) Adding C:\Users\oskar\OneDrive\Skrivbord\Timeshattered mod\run\.fabric\processedMods\apoli-2.6.1-b666438ef8105be6.jar to classpath.
[17:28:12] [main/DEBUG] (FabricLoader/Knot) Adding C:\Users\oskar\OneDrive\Skrivbord\Timeshattered mod\.gradle\loom-cache\remapped_mods\net_fabricmc_yarn_1_19_2_1_19_2_build_28_v2\net\fabricmc\fabric-api\fabric-blockrenderlayer-v1\1.1.25+cafc6e8e90\fabric-blockrenderlayer-v1-1.1.25+cafc6e8e90.jar to classpath.
[17:28:12] [main/DEBUG] (FabricLoader/Knot) Adding C:\Users\oskar\OneDrive\Skrivbord\Timeshattered mod\.gradle\loom-cache\remapped_mods\net_fabricmc_yarn_1_19_2_1_19_2_build_28_v2\net\fabricmc\fabric-api\fabric-item-groups-v0\0.3.39+9244241690\fabric-item-groups-v0-0.3.39+9244241690.jar to classpath.
[17:28:12] [main/DEBUG] (FabricLoader/Knot) Adding C:\Users\oskar\OneDrive\Skrivbord\Timeshattered mod\run\.fabric\processedMods\porting_lib_accessors-2.1.1453+1.19.2-695dab7c4886de0c.jar to classpath.
[17:28:12] [main/DEBUG] (FabricLoader/Knot) Adding C:\Users\oskar\OneDrive\Skrivbord\Timeshattered mod\run\.fabric\processedMods\porting_lib_lazy_registration-2.1453+1.19.2-777ff9efc075366e.jar to classpath.
[17:28:12] [main/DEBUG] (FabricLoader/Knot) Adding C:\Users\oskar\OneDrive\Skrivbord\Timeshattered mod\run\.fabric\processedMods\porting_lib_common-2.1.1453+1.19.2-e1221c5df674a99e.jar to classpath.
[17:28:12] [main/DEBUG] (FabricLoader/Knot) Adding C:\Users\oskar\OneDrive\Skrivbord\Timeshattered mod\run\.fabric\processedMods\porting_lib_fake_players-2.1.1453+1.19.2-98a45e91681366a0.jar to classpath.
[17:28:12] [main/DEBUG] (FabricLoader/Knot) Adding C:\Users\oskar\OneDrive\Skrivbord\Timeshattered mod\.gradle\loom-cache\remapped_mods\net_fabricmc_yarn_1_19_2_1_19_2_build_28_v2\net\fabricmc\fabric-api\fabric-sound-api-v1\1.0.2+c4f28df590\fabric-sound-api-v1-1.0.2+c4f28df590.jar to classpath.
[17:28:12] [main/DEBUG] (FabricLoader/Knot) Adding C:\Users\oskar\OneDrive\Skrivbord\Timeshattered mod\run\.fabric\processedMods\trinkets-3.4.2-64b5720b4b825f21.jar to classpath.
[17:28:12] [main/DEBUG] (FabricLoader/Knot) Adding C:\Users\oskar\OneDrive\Skrivbord\Timeshattered mod\run\.fabric\processedMods\porting_lib_constants-2.1.1453+1.19.2-6c80a31a7ff99b6e.jar to classpath.
[17:28:12] [main/DEBUG] (FabricLoader/Knot) Adding C:\Users\oskar\OneDrive\Skrivbord\Timeshattered mod\run\.fabric\processedMods\porting_lib_model_loader-2.1.1453+1.19.2-691f89873eb33446.jar to classpath.
[17:28:12] [main/DEBUG] (FabricLoader/Knot) Adding C:\Users\oskar\OneDrive\Skrivbord\Timeshattered mod\.gradle\loom-cache\remapped_mods\net_fabricmc_yarn_1_19_2_1_19_2_build_28_v2\net\fabricmc\fabric-api\fabric-screen-api-v1\1.0.32+4d0d570390\fabric-screen-api-v1-1.0.32+4d0d570390.jar to classpath.
[17:28:12] [main/DEBUG] (FabricLoader/Knot) Adding C:\Users\oskar\OneDrive\Skrivbord\Timeshattered mod\run\.fabric\processedMods\milk-1.0.51-e39395e8933e2d31.jar to classpath.
[17:28:12] [main/DEBUG] (FabricLoader/Knot) Adding C:\Users\oskar\OneDrive\Skrivbord\Timeshattered mod\run\.fabric\processedMods\dripstone_fluid_lib-2.0.1-b65f8077561f7094.jar to classpath.
[17:28:12] [main/DEBUG] (FabricLoader/Knot) Adding C:\Users\oskar\OneDrive\Skrivbord\Timeshattered mod\run\.fabric\processedMods\cardinal-components-entity-5.0.2-34867dc024c90e79.jar to classpath.
[17:28:12] [main/DEBUG] (FabricLoader/Knot) Adding C:\Users\oskar\OneDrive\Skrivbord\Timeshattered mod\run\.fabric\processedMods\serialization_hooks-0.3.26-efe8226a9b5188b6.jar to classpath.
[17:28:12] [main/DEBUG] (FabricLoader/Knot) Adding C:\Users\oskar\OneDrive\Skrivbord\Timeshattered mod\run\.fabric\processedMods\porting_lib_loot-2.1.1453+1.19.2-54e1c6efda15a26b.jar to classpath.
[17:28:12] [main/DEBUG] (FabricLoader/Knot) Adding C:\Users\oskar\OneDrive\Skrivbord\Timeshattered mod\run\.fabric\processedMods\porting_lib_transfer-2.1.1453+1.19.2-e83b7d6944fe7608.jar to classpath.
[17:28:12] [main/DEBUG] (FabricLoader/Knot) Adding C:\Users\oskar\OneDrive\Skrivbord\Timeshattered mod\.gradle\loom-cache\remapped_mods\net_fabricmc_yarn_1_19_2_1_19_2_build_28_v2\net\fabricmc\fabric-api\fabric-models-v0\0.3.21+c6af733c90\fabric-models-v0-0.3.21+c6af733c90.jar to classpath.
[17:28:12] [main/DEBUG] (FabricLoader/Knot) Adding C:\Users\oskar\OneDrive\Skrivbord\Timeshattered mod\.gradle\loom-cache\remapped_mods\net_fabricmc_yarn_1_19_2_1_19_2_build_28_v2\net\fabricmc\fabric-api\fabric-gametest-api-v1\1.1.8+4d0d570390\fabric-gametest-api-v1-1.1.8+4d0d570390.jar to classpath.
[17:28:12] [main/DEBUG] (FabricLoader/Knot) Adding C:\Users\oskar\OneDrive\Skrivbord\Timeshattered mod\run\.fabric\processedMods\com_electronwill_night-config_core-3.6.5-6c8ce820ab1f99dc.jar to classpath.
[17:28:12] [main/DEBUG] (FabricLoader/Knot) Adding C:\Users\oskar\OneDrive\Skrivbord\Timeshattered mod\.gradle\loom-cache\remapped_mods\net_fabricmc_yarn_1_19_2_1_19_2_build_28_v2\net\fabricmc\fabric-api\fabric-loot-api-v2\1.1.13+83a8659290\fabric-loot-api-v2-1.1.13+83a8659290.jar to classpath.
[17:28:12] [main/DEBUG] (FabricLoader/Knot) Adding C:\Users\oskar\OneDrive\Skrivbord\Timeshattered mod\run\.fabric\processedMods\create-0.5.1-i-build.1630+mc1.19.2-64b5720b4b825f21.jar to classpath.
[17:28:12] [main/DEBUG] (FabricLoader/Knot) Adding C:\Users\oskar\OneDrive\Skrivbord\Timeshattered mod\run\.fabric\processedMods\flywheel-0.6.11-9-e4fcf41276e39156.jar to classpath.
[17:28:12] [main/DEBUG] (FabricLoader/Knot) Adding C:\Users\oskar\OneDrive\Skrivbord\Timeshattered mod\.gradle\loom-cache\remapped_mods\net_fabricmc_yarn_1_19_2_1_19_2_build_28_v2\net\fabricmc\fabric-api\fabric-object-builder-api-v1\4.2.2+d8ef690890\fabric-object-builder-api-v1-4.2.2+d8ef690890.jar to classpath.
[17:28:12] [main/DEBUG] (FabricLoader/Knot) Adding C:\Users\oskar\OneDrive\Skrivbord\Timeshattered mod\.gradle\loom-cache\remapped_mods\net_fabricmc_yarn_1_19_2_1_19_2_build_28_v2\net\fabricmc\fabric-api\fabric-dimensions-v1\2.1.35+0d0f210290\fabric-dimensions-v1-2.1.35+0d0f210290.jar to classpath.
[17:28:12] [main/DEBUG] (FabricLoader/Knot) Adding C:\Users\oskar\OneDrive\Skrivbord\Timeshattered mod\.gradle\loom-cache\remapped_mods\net_fabricmc_yarn_1_19_2_1_19_2_build_28_v2\net\fabricmc\fabric-api\fabric-textures-v0\1.0.24+aeb40ebe90\fabric-textures-v0-1.0.24+aeb40ebe90.jar to classpath.
[17:28:12] [main/DEBUG] (FabricLoader/Knot) Adding C:\Users\oskar\OneDrive\Skrivbord\Timeshattered mod\.gradle\loom-cache\remapped_mods\net_fabricmc_yarn_1_19_2_1_19_2_build_28_v2\net\fabricmc\fabric-api\fabric-crash-report-info-v1\0.2.8+aeb40ebe90\fabric-crash-report-info-v1-0.2.8+aeb40ebe90.jar to classpath.
[17:28:12] [main/DEBUG] (FabricLoader/Knot) Adding C:\Users\oskar\OneDrive\Skrivbord\Timeshattered mod\run\.fabric\processedMods\satin-1.9.2-64b5720b4b825f21.jar to classpath.
[17:28:12] [main/DEBUG] (FabricLoader/Knot) Adding C:\Users\oskar\OneDrive\Skrivbord\Timeshattered mod\.gradle\loom-cache\remapped_mods\net_fabricmc_yarn_1_19_2_1_19_2_build_28_v2\net\fabricmc\fabric-api\fabric-content-registries-v0\3.5.2+7c6cd14d90\fabric-content-registries-v0-3.5.2+7c6cd14d90.jar to classpath.
[17:28:12] [main/DEBUG] (FabricLoader/Knot) Adding C:\Users\oskar\OneDrive\Skrivbord\Timeshattered mod\.gradle\loom-cache\remapped_mods\net_fabricmc_yarn_1_19_2_1_19_2_build_28_v2\net\fabricmc\fabric-api\fabric-rendering-v1\1.13.0+526f2c6790\fabric-rendering-v1-1.13.0+526f2c6790.jar to classpath.
[17:28:12] [main/DEBUG] (FabricLoader/Knot) Adding C:\Users\oskar\OneDrive\Skrivbord\Timeshattered mod\run\.fabric\processedMods\com_eliotlash_mclib_mclib-20-cda8eaa4d3e124e3.jar to classpath.
[17:28:12] [main/DEBUG] (FabricLoader/Knot) Adding C:\Users\oskar\OneDrive\Skrivbord\Timeshattered mod\run\.fabric\processedMods\additionalentityattributes-1.0.0+1.19-4be56761f63a4fbe.jar to classpath.
[17:28:12] [main/DEBUG] (FabricLoader/Knot) Adding C:\Users\oskar\OneDrive\Skrivbord\Timeshattered mod\.gradle\loom-cache\remapped_mods\net_fabricmc_yarn_1_19_2_1_19_2_build_28_v2\net\fabricmc\fabric-api\fabric-resource-conditions-api-v1\2.1.2+aae9039d90\fabric-resource-conditions-api-v1-2.1.2+aae9039d90.jar to classpath.
[17:28:12] [main/DEBUG] (FabricLoader/Knot) Adding C:\Users\oskar\OneDrive\Skrivbord\Timeshattered mod\.gradle\loom-cache\remapped_mods\net_fabricmc_yarn_1_19_2_1_19_2_build_28_v2\net\fabricmc\fabric-api\fabric-screen-handler-api-v1\1.3.8+1cc24b1b90\fabric-screen-handler-api-v1-1.3.8+1cc24b1b90.jar to classpath.
[17:28:12] [main/DEBUG] (FabricLoader/Knot) Adding C:\Users\oskar\OneDrive\Skrivbord\Timeshattered mod\run\.fabric\processedMods\porting_lib_obj_loader-2.1.1453+1.19.2-fc7f215dafae0df5.jar to classpath.
[17:28:12] [main/DEBUG] (FabricLoader/Entrypoint) Registering new-style initializer net.fabricmc.fabric.impl.client.registry.sync.FabricRegistryClientInit for mod fabric-registry-sync-v0 (key client)
[17:28:12] [main/DEBUG] (FabricLoader/Entrypoint) Registering new-style initializer net.fabricmc.fabric.impl.registry.sync.FabricRegistryInit for mod fabric-registry-sync-v0 (key main)
[17:28:12] [main/DEBUG] (FabricLoader/Entrypoint) Registering new-style initializer com.terraformersmc.modmenu.ModMenuModMenuCompat for mod modmenu (key modmenu)
[17:28:12] [main/DEBUG] (FabricLoader/Entrypoint) Registering new-style initializer com.terraformersmc.modmenu.ModMenu for mod modmenu (key client)
[17:28:12] [main/DEBUG] (FabricLoader/Entrypoint) Registering new-style initializer net.fabricmc.fabric.impl.event.interaction.InteractionEventsRouterClient for mod fabric-events-interaction-v0 (key client)
[17:28:12] [main/DEBUG] (FabricLoader/Entrypoint) Registering new-style initializer net.fabricmc.fabric.impl.event.interaction.InteractionEventsRouter for mod fabric-events-interaction-v0 (key main)
[17:28:12] [main/DEBUG] (FabricLoader/Entrypoint) Registering new-style initializer io.github.apace100.calio.CalioClient for mod calio (key client)
[17:28:12] [main/DEBUG] (FabricLoader/Entrypoint) Registering new-style initializer io.github.apace100.calio.Calio for mod calio (key main)
[17:28:12] [main/DEBUG] (FabricLoader/Entrypoint) Registering new-style initializer io.github.apace100.calio.resource.OrderedResourceListener for mod calio (key main)
[17:28:12] [main/DEBUG] (FabricLoader/Entrypoint) Registering new-style initializer ladysnake.pickyourpoison.client.PickYourPoisonClient for mod pickyourpoison (key client)
[17:28:12] [main/DEBUG] (FabricLoader/Entrypoint) Registering new-style initializer ladysnake.pickyourpoison.common.PickYourPoison for mod pickyourpoison (key main)
[17:28:12] [main/DEBUG] (FabricLoader/Entrypoint) Registering new-style initializer ladysnake.pickyourpoison.cca.PickYourPoisonEntityComponents for mod pickyourpoison (key cardinal-components-entity)
[17:28:12] [main/DEBUG] (FabricLoader/Entrypoint) Registering new-style initializer io.github.ladysnake.pal.Pal for mod playerabilitylib (key main)
[17:28:12] [main/DEBUG] (FabricLoader/Entrypoint) Registering new-style initializer me.pepperbell.simplenetworking.SimpleNetworking for mod porting_lib_networking (key main)
[17:28:12] [main/DEBUG] (FabricLoader/Entrypoint) Registering new-style initializer io.github.apace100.origins.Origins for mod origins (key calio:ordered-resource-listener)
[17:28:12] [main/DEBUG] (FabricLoader/Entrypoint) Registering new-style initializer io.github.apace100.origins.integration.ModMenuIntegration for mod origins (key modmenu)
[17:28:12] [main/DEBUG] (FabricLoader/Entrypoint) Registering new-style initializer io.github.apace100.origins.OriginsClient for mod origins (key client)
[17:28:12] [main/DEBUG] (FabricLoader/Entrypoint) Registering new-style initializer io.github.apace100.origins.Origins for mod origins (key main)
[17:28:12] [main/DEBUG] (FabricLoader/Entrypoint) Registering new-style initializer io.github.apace100.origins.registry.ModComponents for mod origins (key cardinal-components-entity)
[17:28:12] [main/DEBUG] (FabricLoader/Entrypoint) Registering new-style initializer io.github.fabricators_of_create.porting_lib.PortingLibModels for mod porting_lib_models (key client)
[17:28:12] [main/DEBUG] (FabricLoader/Entrypoint) Registering new-style initializer dev.emi.emi.VanillaPlugin for mod emi (key emi)
[17:28:12] [main/DEBUG] (FabricLoader/Entrypoint) Registering new-style initializer dev.emi.emi.jemi.JemiPlugin for mod emi (key jei_mod_plugin)
[17:28:12] [main/DEBUG] (FabricLoader/Entrypoint) Registering new-style initializer dev.emi.emi.compat.EmiModMenu for mod emi (key modmenu)
[17:28:12] [main/DEBUG] (FabricLoader/Entrypoint) Registering new-style initializer dev.emi.emi.platform.fabric.EmiClientFabric for mod emi (key client)
[17:28:12] [main/DEBUG] (FabricLoader/Entrypoint) Registering new-style initializer dev.emi.emi.platform.fabric.EmiMainFabric for mod emi (key main)
[17:28:12] [main/DEBUG] (FabricLoader/Entrypoint) Registering new-style initializer io.github.fabricators_of_create.porting_lib.entity.PortingLibEntity for mod porting_lib_entity (key client)
[17:28:12] [main/DEBUG] (FabricLoader/Entrypoint) Registering new-style initializer com.jamieswhiteshirt.reachentityattributes.ReachEntityAttributes for mod reach-entity-attributes (key main)
[17:28:12] [main/DEBUG] (FabricLoader/Entrypoint) Registering new-style initializer net.fabricmc.fabric.impl.lookup.ApiLookupImpl for mod fabric-api-lookup-api-v1 (key main)
[17:28:12] [main/DEBUG] (FabricLoader/Entrypoint) Registering new-style initializer eu.midnightdust.fabric.core.MidnightLibServerFabric for mod midnightlib (key server)
[17:28:12] [main/DEBUG] (FabricLoader/Entrypoint) Registering new-style initializer eu.midnightdust.lib.config.AutoModMenu for mod midnightlib (key modmenu)
[17:28:12] [main/DEBUG] (FabricLoader/Entrypoint) Registering new-style initializer eu.midnightdust.fabric.core.MidnightLibClientFabric for mod midnightlib (key client)
[17:28:12] [main/DEBUG] (FabricLoader/Entrypoint) Registering new-style initializer net.fabricmc.fabric.impl.networking.client.ClientNetworkingImpl::clientInit for mod fabric-networking-api-v1 (key client)
[17:28:12] [main/DEBUG] (FabricLoader/Entrypoint) Registering new-style initializer net.fabricmc.fabric.impl.networking.NetworkingImpl::init for mod fabric-networking-api-v1 (key main)
[17:28:12] [main/DEBUG] (FabricLoader/Entrypoint) Registering new-style initializer dev.cammiescorner.icarus.core.integration.IcarusModMenu for mod icarus (key modmenu)
[17:28:12] [main/DEBUG] (FabricLoader/Entrypoint) Registering new-style initializer dev.cammiescorner.icarus.client.IcarusClient for mod icarus (key client)
[17:28:12] [main/DEBUG] (FabricLoader/Entrypoint) Registering new-style initializer dev.cammiescorner.icarus.Icarus for mod icarus (key main)
[17:28:12] [main/DEBUG] (FabricLoader/Entrypoint) Registering new-style initializer net.minecraftforge.modmenu.ConfigFactoryHandler for mod forgeconfigapiport (key modmenu)
[17:28:12] [main/DEBUG] (FabricLoader/Entrypoint) Registering new-style initializer net.minecraftforge.client.ForgeConfigAPIPortClient for mod forgeconfigapiport (key client)
[17:28:12] [main/DEBUG] (FabricLoader/Entrypoint) Registering new-style initializer net.minecraftforge.ForgeConfigAPIPort for mod forgeconfigapiport (key main)
[17:28:12] [main/DEBUG] (FabricLoader/Entrypoint) Registering new-style initializer net.fabricmc.fabric.impl.client.event.lifecycle.ClientLifecycleEventsImpl for mod fabric-lifecycle-events-v1 (key client)
[17:28:12] [main/DEBUG] (FabricLoader/Entrypoint) Registering new-style initializer net.fabricmc.fabric.impl.event.lifecycle.LifecycleEventsImpl for mod fabric-lifecycle-events-v1 (key main)
[17:28:12] [main/DEBUG] (FabricLoader/Entrypoint) Registering new-style initializer me.shedaniel.clothconfig2.fabric.ClothConfigModMenuDemo for mod cloth-config (key modmenu)
[17:28:12] [main/DEBUG] (FabricLoader/Entrypoint) Registering new-style initializer me.shedaniel.autoconfig.example.ExampleInits::exampleCommonInit for mod cloth-config (key client)
[17:28:12] [main/DEBUG] (FabricLoader/Entrypoint) Registering new-style initializer net.fabricmc.fabric.impl.client.indigo.Indigo for mod fabric-renderer-indigo (key client)
[17:28:12] [main/DEBUG] (FabricLoader/Entrypoint) Registering new-style initializer io.github.fabricators_of_create.porting_lib.PortingLibClient for mod porting_lib_base (key client)
[17:28:12] [main/DEBUG] (FabricLoader/Entrypoint) Registering new-style initializer io.github.fabricators_of_create.porting_lib.PortingLib for mod porting_lib_base (key main)
[17:28:12] [main/DEBUG] (FabricLoader/Entrypoint) Registering new-style initializer io.github.fabricators_of_create.porting_lib.PortingLibER for mod porting_lib_base (key mm:early_risers)
[17:28:12] [main/DEBUG] (FabricLoader/Entrypoint) Registering new-style initializer me.alphamode.forgetags.data.DataGenerators for mod forge_tags (key fabric-datagen)
[17:28:12] [main/DEBUG] (FabricLoader/Entrypoint) Registering new-style initializer me.alphamode.forgetags.Tags for mod forge_tags (key main)
[17:28:12] [main/DEBUG] (FabricLoader/Entrypoint) Registering new-style initializer net.fabricmc.fabric.impl.recipe.ingredient.client.CustomIngredientSyncClient for mod fabric-recipe-api-v1 (key client)
[17:28:12] [main/DEBUG] (FabricLoader/Entrypoint) Registering new-style initializer net.fabricmc.fabric.impl.recipe.ingredient.CustomIngredientInit for mod fabric-recipe-api-v1 (key main)
[17:28:12] [main/DEBUG] (FabricLoader/Entrypoint) Registering new-style initializer net.fabricmc.fabric.impl.recipe.ingredient.CustomIngredientSync for mod fabric-recipe-api-v1 (key main)
[17:28:12] [main/DEBUG] (FabricLoader/Entrypoint) Registering new-style initializer com.chocohead.mm.MM for mod mm (key main)
[17:28:12] [main/DEBUG] (FabricLoader/Entrypoint) Registering new-style initializer net.Super.Timeshattered.TimeshatteredClient for mod timeshattered (key client)
[17:28:12] [main/DEBUG] (FabricLoader/Entrypoint) Registering new-style initializer net.Super.Timeshattered.TimeShattered for mod timeshattered (key main)
[17:28:12] [main/DEBUG] (FabricLoader/Entrypoint) Registering new-style initializer software.bernie.example.ClientListener for mod geckolib3 (key client)
[17:28:12] [main/DEBUG] (FabricLoader/Entrypoint) Registering new-style initializer software.bernie.geckolib3.network.ClientPackets for mod geckolib3 (key client)
[17:28:12] [main/DEBUG] (FabricLoader/Entrypoint) Registering new-style initializer software.bernie.example.GeckoLibMod for mod geckolib3 (key main)
[17:28:12] [main/DEBUG] (FabricLoader/Entrypoint) Registering new-style initializer dev.onyxstudios.cca.internal.base.ComponentsInternals::init for mod cardinal-components-base (key main)
[17:28:12] [main/DEBUG] (FabricLoader/Entrypoint) Registering new-style initializer com.tterrag.registrate.fabric.ClientInit for mod registrate-fabric (key client)
[17:28:12] [main/DEBUG] (FabricLoader/Entrypoint) Registering new-style initializer com.llamalad7.mixinextras.MixinExtrasBootstrap::init for mod registrate-fabric (key preLaunch)
[17:28:12] [main/DEBUG] (FabricLoader/Entrypoint) Registering new-style initializer io.github.fabricators_of_create.porting_lib.attributes.PortingLibAttributes for mod porting_lib_attributes (key main)
[17:28:12] [main/DEBUG] (FabricLoader/Entrypoint) Registering new-style initializer io.github.apace100.apoli.ApoliServer for mod apoli (key server)
[17:28:12] [main/DEBUG] (FabricLoader/Entrypoint) Registering new-style initializer io.github.apace100.apoli.Apoli for mod apoli (key calio:ordered-resource-listener)
[17:28:12] [main/DEBUG] (FabricLoader/Entrypoint) Registering new-style initializer io.github.apace100.apoli.integration.ModMenuIntegration for mod apoli (key modmenu)
[17:28:12] [main/DEBUG] (FabricLoader/Entrypoint) Registering new-style initializer io.github.apace100.apoli.ApoliClient for mod apoli (key client)
[17:28:12] [main/DEBUG] (FabricLoader/Entrypoint) Registering new-style initializer io.github.apace100.apoli.Apoli for mod apoli (key main)
[17:28:12] [main/DEBUG] (FabricLoader/Entrypoint) Registering new-style initializer io.github.apace100.apoli.Apoli for mod apoli (key cardinal-components-entity)
[17:28:12] [main/DEBUG] (FabricLoader/Entrypoint) Registering new-style initializer dev.emi.trinkets.TrinketsClient for mod trinkets (key client)
[17:28:12] [main/DEBUG] (FabricLoader/Entrypoint) Registering new-style initializer dev.emi.trinkets.TrinketsMain for mod trinkets (key main)
[17:28:12] [main/DEBUG] (FabricLoader/Entrypoint) Registering new-style initializer dev.emi.trinkets.TrinketsMain for mod trinkets (key cardinal-components-entity)
[17:28:12] [main/DEBUG] (FabricLoader/Entrypoint) Registering new-style initializer io.github.fabricators_of_create.porting_lib.client.PortingLibModelsClient for mod porting_lib_model_loader (key client)
[17:28:12] [main/DEBUG] (FabricLoader/Entrypoint) Registering new-style initializer io.github.tropheusj.milk.MilkClient for mod milk (key client)
[17:28:12] [main/DEBUG] (FabricLoader/Entrypoint) Registering new-style initializer io.github.tropheusj.dripstone_fluid_lib.DripstoneFluidLibClient for mod dripstone_fluid_lib (key client)
[17:28:12] [main/DEBUG] (FabricLoader/Entrypoint) Registering new-style initializer dev.onyxstudios.cca.internal.entity.CcaEntityClientNw::initClient for mod cardinal-components-entity (key client)
[17:28:12] [main/DEBUG] (FabricLoader/Entrypoint) Registering new-style initializer dev.onyxstudios.cca.internal.entity.CardinalComponentsEntity::init for mod cardinal-components-entity (key main)
[17:28:12] [main/DEBUG] (FabricLoader/Entrypoint) Registering new-style initializer io.github.tropheusj.serialization_hooks.SerializationHooks for mod serialization_hooks (key main)
[17:28:12] [main/DEBUG] (FabricLoader/Entrypoint) Registering new-style initializer io.github.tropheusj.serialization_hooks.SerializationHooksPreLaunch for mod serialization_hooks (key preLaunch)
[17:28:12] [main/DEBUG] (FabricLoader/Entrypoint) Registering new-style initializer io.github.fabricators_of_create.porting_lib.loot.PortingLibLoot for mod porting_lib_loot (key main)
[17:28:12] [main/DEBUG] (FabricLoader/Entrypoint) Registering new-style initializer io.github.fabricators_of_create.porting_lib.PortingLibTransfer for mod porting_lib_transfer (key client)
[17:28:12] [main/DEBUG] (FabricLoader/Entrypoint) Registering new-style initializer io.github.fabricators_of_create.porting_lib.transfer.TransferUtil for mod porting_lib_transfer (key main)
[17:28:12] [main/DEBUG] (FabricLoader/Entrypoint) Registering new-style initializer net.fabricmc.fabric.impl.gametest.FabricGameTestModInitializer for mod fabric-gametest-api-v1 (key main)
[17:28:12] [main/DEBUG] (FabricLoader/Entrypoint) Registering new-style initializer com.simibubi.create.compat.emi.CreateEmiPlugin for mod create (key emi)
[17:28:12] [main/DEBUG] (FabricLoader/Entrypoint) Registering new-style initializer com.simibubi.create.compat.jei.CreateJEI for mod create (key jei_mod_plugin)
[17:28:12] [main/DEBUG] (FabricLoader/Entrypoint) Registering new-style initializer com.simibubi.create.infrastructure.data.CreateDatagen for mod create (key fabric-datagen)
[17:28:12] [main/DEBUG] (FabricLoader/Entrypoint) Registering new-style initializer com.simibubi.create.compat.modmenu.CreateModMenuIntegration for mod create (key modmenu)
[17:28:12] [main/DEBUG] (FabricLoader/Entrypoint) Registering new-style initializer com.simibubi.create.compat.rei.CreateREI for mod create (key rei_client)
[17:28:12] [main/DEBUG] (FabricLoader/Entrypoint) Registering new-style initializer com.simibubi.create.CreateClient for mod create (key client)
[17:28:12] [main/DEBUG] (FabricLoader/Entrypoint) Registering new-style initializer com.simibubi.create.Create for mod create (key main)
[17:28:12] [main/DEBUG] (FabricLoader/Entrypoint) Registering new-style initializer com.simibubi.create.infrastructure.gametest.CreateGameTests for mod create (key fabric-gametest)
[17:28:12] [main/DEBUG] (FabricLoader/Entrypoint) Registering new-style initializer com.jozufozu.flywheel.Flywheel for mod flywheel (key client)
[17:28:12] [main/DEBUG] (FabricLoader/Entrypoint) Registering new-style initializer ladysnake.satin.Satin for mod satin (key client)
[17:28:12] [main/DEBUG] (FabricLoader/Entrypoint) Registering new-style initializer de.dafuqs.additionalentityattributes.AdditionalEntityAttributes for mod additionalentityattributes (key main)
[17:28:12] [main/DEBUG] (FabricLoader/Entrypoint) Registering new-style initializer net.fabricmc.fabric.impl.screenhandler.client.ClientNetworking for mod fabric-screen-handler-api-v1 (key client)
[17:28:12] [main/DEBUG] (FabricLoader/Entrypoint) Registering new-style initializer io.github.fabricators_of_create.porting_lib.PortingLibObjLoader for mod porting_lib_obj_loader (key client)
[17:28:12] [main/INFO] (FabricLoader/Mixin) SpongePowered MIXIN Subsystem Version=0.8.7 Source=file:/C:/Users/oskar/.gradle/caches/modules-2/files-2.1/net.fabricmc/sponge-mixin/0.15.4+mixin.0.8.7/6a12aacc794f1078458433116e9ed42c1cc98096/sponge-mixin-0.15.4+mixin.0.8.7.jar Service=Knot/Fabric Env=CLIENT
[17:28:12] [main/DEBUG] (FabricLoader/Mixin) Initialising Mixin Platform Manager
[17:28:12] [main/DEBUG] (FabricLoader/Mixin) Adding mixin platform agents for container ContainerHandleURI(file:///C:/Users/oskar/.gradle/caches/modules-2/files-2.1/net.fabricmc/fabric-loader/0.16.10/dbd932c2a3641d2c41cf9abfe47e140a5753fa86/fabric-loader-0.16.10.jar)
[17:28:12] [main/DEBUG] (FabricLoader/Mixin) Instancing new MixinPlatformAgentDefault for ContainerHandleURI(file:///C:/Users/oskar/.gradle/caches/modules-2/files-2.1/net.fabricmc/fabric-loader/0.16.10/dbd932c2a3641d2c41cf9abfe47e140a5753fa86/fabric-loader-0.16.10.jar)
[17:28:12] [main/DEBUG] (FabricLoader/Mixin) MixinPlatformAgentDefault accepted container ContainerHandleURI(file:///C:/Users/oskar/.gradle/caches/modules-2/files-2.1/net.fabricmc/fabric-loader/0.16.10/dbd932c2a3641d2c41cf9abfe47e140a5753fa86/fabric-loader-0.16.10.jar)
[17:28:12] [main/DEBUG] (FabricLoader/Mixin) Instancing new MixinPlatformAgentDefault for ContainerHandleURI(file:///C:/Users/oskar/.gradle/caches/modules-2/files-2.1/net.fabricmc/fabric-loader/0.16.10/dbd932c2a3641d2c41cf9abfe47e140a5753fa86/fabric-loader-0.16.10.jar)
[17:28:12] [main/DEBUG] (FabricLoader/Mixin) MixinPlatformAgentDefault accepted container ContainerHandleURI(file:///C:/Users/oskar/.gradle/caches/modules-2/files-2.1/net.fabricmc/fabric-loader/0.16.10/dbd932c2a3641d2c41cf9abfe47e140a5753fa86/fabric-loader-0.16.10.jar)
[17:28:12] [main/DEBUG] (FabricLoader/Mixin) Processing prepare() for PlatformAgent[MixinPlatformAgentDefault:ContainerHandleURI(file:///C:/Users/oskar/.gradle/caches/modules-2/files-2.1/net.fabricmc/fabric-loader/0.16.10/dbd932c2a3641d2c41cf9abfe47e140a5753fa86/fabric-loader-0.16.10.jar)]
[17:28:12] [main/DEBUG] (FabricLoader/Mixin) Processing prepare() for PlatformAgent[MixinPlatformAgentDefault:ContainerHandleURI(file:///C:/Users/oskar/.gradle/caches/modules-2/files-2.1/net.fabricmc/fabric-loader/0.16.10/dbd932c2a3641d2c41cf9abfe47e140a5753fa86/fabric-loader-0.16.10.jar)]
[17:28:12] [main/INFO] (FabricLoader/Mixin) Loaded Fabric development mappings for mixin remapper!
[17:28:13] [main/DEBUG] (FabricLoader/Mixin) Compatibility level JAVA_16 specified by fabric-registry-sync-v0.mixins.json is higher than the maximum level supported by this version of mixin (JAVA_13).
[17:28:13] [main/INFO] (FabricLoader/Mixin) Compatibility level set to JAVA_16
[17:28:13] [main/DEBUG] (FabricLoader/Mixin) Mixin config fabric-registry-sync-v0.mixins.json does not specify "minVersion" or "requiredFeatures" property
[17:28:13] [main/DEBUG] (FabricLoader/Mixin) Mixin config fabric-registry-sync-v0.client.mixins.json does not specify "minVersion" or "requiredFeatures" property
[17:28:13] [main/DEBUG] (FabricLoader/Mixin) Mixin config fabric-mining-level-api-v1.mixins.json does not specify "minVersion" or "requiredFeatures" property
[17:28:13] [main/DEBUG] (FabricLoader/Mixin) Mixin config fabric-command-api-v2.mixins.json does not specify "minVersion" or "requiredFeatures" property
[17:28:13] [main/DEBUG] (FabricLoader/Mixin) Mixin config fabric-command-api-v2.client.mixins.json does not specify "minVersion" or "requiredFeatures" property
[17:28:13] [main/DEBUG] (FabricLoader/Mixin) Mixin config fabric-events-interaction-v0.mixins.json does not specify "minVersion" or "requiredFeatures" property
[17:28:13] [main/DEBUG] (FabricLoader/Mixin) Mixin config fabric-events-interaction-v0.client.mixins.json does not specify "minVersion" or "requiredFeatures" property
[17:28:13] [main/DEBUG] (FabricLoader/Mixin) Mixin config fabric-rendering-data-attachment-v1.mixins.json does not specify "minVersion" or "requiredFeatures" property
[17:28:13] [main/DEBUG] (FabricLoader/Mixin) Mixin config fabric-rendering-data-attachment-v1.client.mixins.json does not specify "minVersion" or "requiredFeatures" property
[17:28:13] [main/DEBUG] (FabricLoader/Mixin) Mixin config fabric-resource-loader-v0.mixins.json does not specify "minVersion" or "requiredFeatures" property
[17:28:13] [main/DEBUG] (FabricLoader/Mixin) Mixin config fabric-resource-loader-v0.client.mixins.json does not specify "minVersion" or "requiredFeatures" property
[17:28:13] [main/DEBUG] (FabricLoader/Mixin) Compatibility level JAVA_17 specified by pickyourpoison.mixins.json is higher than the maximum level supported by this version of mixin (JAVA_13).
[17:28:13] [main/INFO] (FabricLoader/Mixin) Compatibility level set to JAVA_17
[17:28:13] [main/DEBUG] (FabricLoader/Mixin) Compatibility level JAVA_16 specified by fabric-game-rule-api-v1.mixins.json is higher than the maximum level supported by this version of mixin (JAVA_13).
[17:28:13] [main/DEBUG] (FabricLoader/Mixin) Mixin config fabric-game-rule-api-v1.mixins.json does not specify "minVersion" or "requiredFeatures" property
[17:28:13] [main/DEBUG] (FabricLoader/Mixin) Compatibility level JAVA_16 specified by fabric-game-rule-api-v1.client.mixins.json is higher than the maximum level supported by this version of mixin (JAVA_13).
[17:28:13] [main/DEBUG] (FabricLoader/Mixin) Mixin config fabric-game-rule-api-v1.client.mixins.json does not specify "minVersion" or "requiredFeatures" property
[17:28:13] [main/DEBUG] (FabricLoader/Mixin) Compatibility level JAVA_16 specified by fabric-biome-api-v1.mixins.json is higher than the maximum level supported by this version of mixin (JAVA_13).
[17:28:13] [main/DEBUG] (FabricLoader/Mixin) Mixin config fabric-biome-api-v1.mixins.json does not specify "minVersion" or "requiredFeatures" property
[17:28:13] [main/DEBUG] (FabricLoader/Mixin) Compatibility level JAVA_16 specified by origins.mixins.json is higher than the maximum level supported by this version of mixin (JAVA_13).
[17:28:13] [main/DEBUG] (FabricLoader/Mixin) Compatibility level JAVA_16 specified by fabric-message-api-v1.mixins.json is higher than the maximum level supported by this version of mixin (JAVA_13).
[17:28:13] [main/DEBUG] (FabricLoader/Mixin) Mixin config fabric-message-api-v1.mixins.json does not specify "minVersion" or "requiredFeatures" property
[17:28:13] [main/DEBUG] (FabricLoader/Mixin) Compatibility level JAVA_16 specified by mixins.reach-entity-attributes.json is higher than the maximum level supported by this version of mixin (JAVA_13).
[17:28:13] [main/DEBUG] (FabricLoader/Mixin) Compatibility level JAVA_16 specified by fabric-api-lookup-api-v1.mixins.json is higher than the maximum level supported by this version of mixin (JAVA_13).
[17:28:13] [main/DEBUG] (FabricLoader/Mixin) Mixin config fabric-api-lookup-api-v1.mixins.json does not specify "minVersion" or "requiredFeatures" property
[17:28:13] [main/DEBUG] (FabricLoader/Mixin) Compatibility level JAVA_16 specified by fabric-item-api-v1.mixins.json is higher than the maximum level supported by this version of mixin (JAVA_13).
[17:28:13] [main/DEBUG] (FabricLoader/Mixin) Mixin config fabric-item-api-v1.mixins.json does not specify "minVersion" or "requiredFeatures" property
[17:28:13] [main/DEBUG] (FabricLoader/Mixin) Compatibility level JAVA_16 specified by fabric-item-api-v1.client.mixins.json is higher than the maximum level supported by this version of mixin (JAVA_13).
[17:28:13] [main/DEBUG] (FabricLoader/Mixin) Mixin config fabric-item-api-v1.client.mixins.json does not specify "minVersion" or "requiredFeatures" property
[17:28:13] [main/DEBUG] (FabricLoader/Mixin) Compatibility level JAVA_16 specified by fabric-rendering-fluids-v1.mixins.json is higher than the maximum level supported by this version of mixin (JAVA_13).
[17:28:13] [main/DEBUG] (FabricLoader/Mixin) Mixin config fabric-rendering-fluids-v1.mixins.json does not specify "minVersion" or "requiredFeatures" property
[17:28:13] [main/DEBUG] (FabricLoader/Mixin) Compatibility level JAVA_16 specified by fabric-renderer-api-v1.mixins.json is higher than the maximum level supported by this version of mixin (JAVA_13).
[17:28:13] [main/DEBUG] (FabricLoader/Mixin) Mixin config fabric-renderer-api-v1.mixins.json does not specify "minVersion" or "requiredFeatures" property
[17:28:13] [main/DEBUG] (FabricLoader/Mixin) Compatibility level JAVA_16 specified by fabric-renderer-api-v1.debughud.mixins.json is higher than the maximum level supported by this version of mixin (JAVA_13).
[17:28:13] [main/DEBUG] (FabricLoader/Mixin) Mixin config fabric-renderer-api-v1.debughud.mixins.json does not specify "minVersion" or "requiredFeatures" property
[17:28:13] [main/DEBUG] (FabricLoader/Mixin) Compatibility level JAVA_16 specified by fabric-networking-api-v1.mixins.json is higher than the maximum level supported by this version of mixin (JAVA_13).
[17:28:13] [main/DEBUG] (FabricLoader/Mixin) Mixin config fabric-networking-api-v1.mixins.json does not specify "minVersion" or "requiredFeatures" property
[17:28:13] [main/DEBUG] (FabricLoader/Mixin) Compatibility level JAVA_16 specified by fabric-networking-api-v1.client.mixins.json is higher than the maximum level supported by this version of mixin (JAVA_13).
[17:28:13] [main/DEBUG] (FabricLoader/Mixin) Mixin config fabric-networking-api-v1.client.mixins.json does not specify "minVersion" or "requiredFeatures" property
[17:28:13] [main/DEBUG] (FabricLoader/Mixin) Compatibility level JAVA_16 specified by icarus.mixins.json is higher than the maximum level supported by this version of mixin (JAVA_13).
[17:28:13] [main/DEBUG] (FabricLoader/Mixin) Compatibility level JAVA_16 specified by fabric-particles-v1.client.mixins.json is higher than the maximum level supported by this version of mixin (JAVA_13).
[17:28:13] [main/DEBUG] (FabricLoader/Mixin) Mixin config fabric-particles-v1.client.mixins.json does not specify "minVersion" or "requiredFeatures" property
[17:28:13] [main/DEBUG] (FabricLoader/Mixin) Compatibility level JAVA_16 specified by fabric-lifecycle-events-v1.mixins.json is higher than the maximum level supported by this version of mixin (JAVA_13).
[17:28:13] [main/DEBUG] (FabricLoader/Mixin) Mixin config fabric-lifecycle-events-v1.mixins.json does not specify "minVersion" or "requiredFeatures" property
[17:28:13] [main/DEBUG] (FabricLoader/Mixin) Compatibility level JAVA_16 specified by fabric-lifecycle-events-v1.client.mixins.json is higher than the maximum level supported by this version of mixin (JAVA_13).
[17:28:13] [main/DEBUG] (FabricLoader/Mixin) Mixin config fabric-lifecycle-events-v1.client.mixins.json does not specify "minVersion" or "requiredFeatures" property
[17:28:13] [main/DEBUG] (FabricLoader/Mixin) Compatibility level JAVA_16 specified by fabric-entity-events-v1.mixins.json is higher than the maximum level supported by this version of mixin (JAVA_13).
[17:28:13] [main/DEBUG] (FabricLoader/Mixin) Mixin config fabric-entity-events-v1.mixins.json does not specify "minVersion" or "requiredFeatures" property
[17:28:13] [main/DEBUG] (FabricLoader/Mixin) Compatibility level JAVA_16 specified by fabric-entity-events-v1.client.mixins.json is higher than the maximum level supported by this version of mixin (JAVA_13).
[17:28:13] [main/DEBUG] (FabricLoader/Mixin) Mixin config fabric-entity-events-v1.client.mixins.json does not specify "minVersion" or "requiredFeatures" property
[17:28:13] [main/DEBUG] (FabricLoader/Mixin) Compatibility level JAVA_16 specified by fabric-transfer-api-v1.mixins.json is higher than the maximum level supported by this version of mixin (JAVA_13).
[17:28:13] [main/DEBUG] (FabricLoader/Mixin) Mixin config fabric-transfer-api-v1.mixins.json does not specify "minVersion" or "requiredFeatures" property
[17:28:13] [main/DEBUG] (FabricLoader/Mixin) Compatibility level JAVA_16 specified by fabric-renderer-indigo.mixins.json is higher than the maximum level supported by this version of mixin (JAVA_13).
[17:28:13] [main/DEBUG] (FabricLoader/Mixin) Mixin config fabric-renderer-indigo.mixins.json does not specify "minVersion" or "requiredFeatures" property
[17:28:13] [main/DEBUG] (FabricLoader/Mixin) Compatibility level JAVA_16 specified by fabric-data-generation-api-v1.mixins.json is higher than the maximum level supported by this version of mixin (JAVA_13).
[17:28:13] [main/DEBUG] (FabricLoader/Mixin) Mixin config fabric-data-generation-api-v1.mixins.json does not specify "minVersion" or "requiredFeatures" property
[17:28:13] [main/DEBUG] (FabricLoader/Mixin) Compatibility level JAVA_16 specified by fabric-data-generation-api-v1.client.mixins.json is higher than the maximum level supported by this version of mixin (JAVA_13).
[17:28:13] [main/DEBUG] (FabricLoader/Mixin) Mixin config fabric-data-generation-api-v1.client.mixins.json does not specify "minVersion" or "requiredFeatures" property
[17:28:13] [main/DEBUG] (FabricLoader/Mixin) Mixin config fabric-recipe-api-v1.mixins.json does not specify "minVersion" or "requiredFeatures" property
[17:28:13] [main/DEBUG] (FabricLoader/Mixin) Mixin config mixins.mm.json does not specify "minVersion" or "requiredFeatures" property
[17:28:13] [main/DEBUG] (FabricLoader/Mixin) Mixin config geckolib3.mixins.json does not specify "minVersion" or "requiredFeatures" property
[17:28:13] [main/DEBUG] (FabricLoader/Mixin) Mixin config fabric-block-api-v1.mixins.json does not specify "minVersion" or "requiredFeatures" property
[17:28:13] [main/DEBUG] (FabricLoader/Mixin) Compatibility level JAVA_16 specified by fabric-key-binding-api-v1.mixins.json is higher than the maximum level supported by this version of mixin (JAVA_13).
[17:28:13] [main/DEBUG] (FabricLoader/Mixin) Mixin config fabric-key-binding-api-v1.mixins.json does not specify "minVersion" or "requiredFeatures" property
[17:28:13] [main/DEBUG] (FabricLoader/Mixin) Compatibility level JAVA_16 specified by apoli.mixins.json is higher than the maximum level supported by this version of mixin (JAVA_13).
[17:28:13] [main/DEBUG] (FabricLoader/Mixin) Compatibility level JAVA_16 specified by fabric-blockrenderlayer-v1.mixins.json is higher than the maximum level supported by this version of mixin (JAVA_13).
[17:28:13] [main/DEBUG] (FabricLoader/Mixin) Mixin config fabric-blockrenderlayer-v1.mixins.json does not specify "minVersion" or "requiredFeatures" property
[17:28:13] [main/DEBUG] (FabricLoader/Mixin) Compatibility level JAVA_16 specified by fabric-item-groups-v0.mixins.json is higher than the maximum level supported by this version of mixin (JAVA_13).
[17:28:13] [main/DEBUG] (FabricLoader/Mixin) Mixin config fabric-item-groups-v0.mixins.json does not specify "minVersion" or "requiredFeatures" property
[17:28:13] [main/DEBUG] (FabricLoader/Mixin) Compatibility level JAVA_16 specified by fabric-item-groups-v0.client.mixins.json is higher than the maximum level supported by this version of mixin (JAVA_13).
[17:28:13] [main/DEBUG] (FabricLoader/Mixin) Mixin config fabric-item-groups-v0.client.mixins.json does not specify "minVersion" or "requiredFeatures" property
[17:28:13] [main/DEBUG] (FabricLoader/Mixin) Mixin config fabric-sound-api-v1.mixins.json does not specify "minVersion" or "requiredFeatures" property
[17:28:13] [main/DEBUG] (FabricLoader/Mixin) Mixin config trinkets.mixins.json does not specify "minVersion" or "requiredFeatures" property
[17:28:13] [main/DEBUG] (FabricLoader/Mixin) Compatibility level JAVA_16 specified by fabric-screen-api-v1.mixins.json is higher than the maximum level supported by this version of mixin (JAVA_13).
[17:28:13] [main/DEBUG] (FabricLoader/Mixin) Mixin config fabric-screen-api-v1.mixins.json does not specify "minVersion" or "requiredFeatures" property
[17:28:13] [main/DEBUG] (FabricLoader/Mixin) Compatibility level JAVA_16 specified by fabric-models-v0.mixins.json is higher than the maximum level supported by this version of mixin (JAVA_13).
[17:28:13] [main/DEBUG] (FabricLoader/Mixin) Mixin config fabric-models-v0.mixins.json does not specify "minVersion" or "requiredFeatures" property
[17:28:13] [main/DEBUG] (FabricLoader/Mixin) Compatibility level JAVA_16 specified by fabric-gametest-api-v1.mixins.json is higher than the maximum level supported by this version of mixin (JAVA_13).
[17:28:13] [main/DEBUG] (FabricLoader/Mixin) Mixin config fabric-gametest-api-v1.mixins.json does not specify "minVersion" or "requiredFeatures" property
[17:28:13] [main/DEBUG] (FabricLoader/Mixin) Mixin config fabric-loot-api-v2.mixins.json does not specify "minVersion" or "requiredFeatures" property
[17:28:13] [main/DEBUG] (FabricLoader/Mixin) Compatibility level JAVA_16 specified by fabric-object-builder-v1.mixins.json is higher than the maximum level supported by this version of mixin (JAVA_13).
[17:28:13] [main/DEBUG] (FabricLoader/Mixin) Mixin config fabric-object-builder-v1.mixins.json does not specify "minVersion" or "requiredFeatures" property
[17:28:13] [main/DEBUG] (FabricLoader/Mixin) Compatibility level JAVA_16 specified by fabric-object-builder-v1.client.mixins.json is higher than the maximum level supported by this version of mixin (JAVA_13).
[17:28:13] [main/DEBUG] (FabricLoader/Mixin) Mixin config fabric-object-builder-v1.client.mixins.json does not specify "minVersion" or "requiredFeatures" property
[17:28:13] [main/DEBUG] (FabricLoader/Mixin) Compatibility level JAVA_16 specified by fabric-dimensions-v1.mixins.json is higher than the maximum level supported by this version of mixin (JAVA_13).
[17:28:13] [main/DEBUG] (FabricLoader/Mixin) Mixin config fabric-dimensions-v1.mixins.json does not specify "minVersion" or "requiredFeatures" property
[17:28:13] [main/DEBUG] (FabricLoader/Mixin) Compatibility level JAVA_16 specified by fabric-textures-v0.mixins.json is higher than the maximum level supported by this version of mixin (JAVA_13).
[17:28:13] [main/DEBUG] (FabricLoader/Mixin) Mixin config fabric-textures-v0.mixins.json does not specify "minVersion" or "requiredFeatures" property
[17:28:13] [main/DEBUG] (FabricLoader/Mixin) Compatibility level JAVA_16 specified by fabric-crash-report-info-v1.mixins.json is higher than the maximum level supported by this version of mixin (JAVA_13).
[17:28:13] [main/DEBUG] (FabricLoader/Mixin) Mixin config fabric-crash-report-info-v1.mixins.json does not specify "minVersion" or "requiredFeatures" property
[17:28:13] [main/DEBUG] (FabricLoader/Mixin) Compatibility level JAVA_16 specified by mixins.satin.client.json is higher than the maximum level supported by this version of mixin (JAVA_13).
[17:28:13] [main/DEBUG] (FabricLoader/Mixin) Mixin config mixins.satin.client.json does not specify "minVersion" or "requiredFeatures" property
[17:28:13] [main/DEBUG] (FabricLoader/Mixin) Compatibility level JAVA_16 specified by fabric-content-registries-v0.mixins.json is higher than the maximum level supported by this version of mixin (JAVA_13).
[17:28:13] [main/DEBUG] (FabricLoader/Mixin) Mixin config fabric-content-registries-v0.mixins.json does not specify "minVersion" or "requiredFeatures" property
[17:28:13] [main/DEBUG] (FabricLoader/Mixin) Compatibility level JAVA_16 specified by fabric-rendering-v1.mixins.json is higher than the maximum level supported by this version of mixin (JAVA_13).
[17:28:13] [main/DEBUG] (FabricLoader/Mixin) Mixin config fabric-rendering-v1.mixins.json does not specify "minVersion" or "requiredFeatures" property
[17:28:13] [main/DEBUG] (FabricLoader/Mixin) Compatibility level JAVA_16 specified by fabric-resource-conditions-api-v1.mixins.json is higher than the maximum level supported by this version of mixin (JAVA_13).
[17:28:13] [main/DEBUG] (FabricLoader/Mixin) Mixin config fabric-resource-conditions-api-v1.mixins.json does not specify "minVersion" or "requiredFeatures" property
[17:28:13] [main/DEBUG] (FabricLoader/Mixin) Compatibility level JAVA_16 specified by fabric-screen-handler-api-v1.mixins.json is higher than the maximum level supported by this version of mixin (JAVA_13).
[17:28:13] [main/DEBUG] (FabricLoader/Mixin) Mixin config fabric-screen-handler-api-v1.mixins.json does not specify "minVersion" or "requiredFeatures" property
[17:28:13] [main/DEBUG] (FabricLoader/Knot) Adding C:\Users\oskar\OneDrive\Skrivbord\Timeshattered mod\.gradle\loom-cache\minecraftMaven\net\minecraft\minecraft-merged-project-root\1.19.2-net.fabricmc.yarn.1_19_2.1.19.2+build.28-v2\minecraft-merged-project-root-1.19.2-net.fabricmc.yarn.1_19_2.1.19.2+build.28-v2.jar to classpath.
[17:28:13] [main/DEBUG] (FabricLoader/Knot) Adding C:\Users\oskar\OneDrive\Skrivbord\Timeshattered mod\build\classes\java\main to classpath.
[17:28:13] [main/DEBUG] (FabricLoader/Knot) Adding C:\Users\oskar\OneDrive\Skrivbord\Timeshattered mod\build\resources\main to classpath.
[17:28:13] [main/DEBUG] (FabricLoader/Knot) Adding C:\Users\oskar\.gradle\caches\fabric-loom\1.19.2\net.fabricmc.yarn.1_19_2.1.19.2+build.28-v2\mappings.jar to classpath.
[17:28:13] [main/DEBUG] (FabricLoader/Knot) Adding C:\Users\oskar\.gradle\caches\modules-2\files-2.1\net.fabricmc\dev-launch-injector\0.2.1+build.8\da8bef7e6e2f952da707f282bdb46882a0fce5e3\dev-launch-injector-0.2.1+build.8.jar to classpath.
[17:28:13] [main/DEBUG] (FabricLoader/Knot) Adding C:\Users\oskar\.gradle\caches\modules-2\files-2.1\com.mojang\blocklist\1.0.10\5c685c5ffa94c4cd39496c7184c1d122e515ecef\blocklist-1.0.10.jar to classpath.
[17:28:13] [main/DEBUG] (FabricLoader/Knot) Adding C:\Users\oskar\.gradle\caches\modules-2\files-2.1\com.mojang\patchy\2.2.10\da05971b07cbb379d002cf7eaec6a2048211fefc\patchy-2.2.10.jar to classpath.
[17:28:13] [main/DEBUG] (FabricLoader/Knot) Adding C:\Users\oskar\.gradle\caches\modules-2\files-2.1\com.github.oshi\oshi-core\5.8.5\1d0ec654d820741327f5a9229d513732a4b7ce50\oshi-core-5.8.5.jar to classpath.
[17:28:13] [main/DEBUG] (FabricLoader/Knot) Adding C:\Users\oskar\.gradle\caches\modules-2\files-2.1\net.java.dev.jna\jna\5.10.0\7cf4c87dd802db50721db66947aa237d7ad09418\jna-5.10.0.jar to classpath.
[17:28:13] [main/DEBUG] (FabricLoader/Knot) Adding C:\Users\oskar\.gradle\caches\modules-2\files-2.1\net.java.dev.jna\jna-platform\5.10.0\fbed7d9669dba47714ad0d4f4454290a997aee69\jna-platform-5.10.0.jar to classpath.
[17:28:13] [main/DEBUG] (FabricLoader/Knot) Adding C:\Users\oskar\.gradle\caches\modules-2\files-2.1\com.ibm.icu\icu4j\70.1\dfa3a1fbc55bf5db8c6e79fc0935ac7ab1202950\icu4j-70.1.jar to classpath.
[17:28:13] [main/DEBUG] (FabricLoader/Knot) Adding C:\Users\oskar\.gradle\caches\modules-2\files-2.1\com.mojang\javabridge\1.2.24\c876796229b2ef5120f186eab5acc870699d3b9\javabridge-1.2.24.jar to classpath.
[17:28:13] [main/DEBUG] (FabricLoader/Knot) Adding C:\Users\oskar\.gradle\caches\modules-2\files-2.1\net.sf.jopt-simple\jopt-simple\5.0.4\4fdac2fbe92dfad86aa6e9301736f6b4342a3f5c\jopt-simple-5.0.4.jar to classpath.
[17:28:13] [main/DEBUG] (FabricLoader/Knot) Adding C:\Users\oskar\.gradle\caches\modules-2\files-2.1\io.netty\netty-common\4.1.77.Final\ea0fc20f4e6178966b9d62017b7fcb83dfe0e713\netty-common-4.1.77.Final.jar to classpath.
[17:28:13] [main/DEBUG] (FabricLoader/Knot) Adding C:\Users\oskar\.gradle\caches\modules-2\files-2.1\io.netty\netty-buffer\4.1.77.Final\d97571f99e5e739d86824d0df99f35d295276b5f\netty-buffer-4.1.77.Final.jar to classpath.
[17:28:13] [main/DEBUG] (FabricLoader/Knot) Adding C:\Users\oskar\.gradle\caches\modules-2\files-2.1\io.netty\netty-codec\4.1.77.Final\4efc5f59335301d6ba0d7cd31dd10651119b03c8\netty-codec-4.1.77.Final.jar to classpath.
[17:28:13] [main/DEBUG] (FabricLoader/Knot) Adding C:\Users\oskar\.gradle\caches\modules-2\files-2.1\io.netty\netty-handler\4.1.77.Final\47a81089de03635a27f509f3e4e13386ae1db275\netty-handler-4.1.77.Final.jar to classpath.
[17:28:13] [main/DEBUG] (FabricLoader/Knot) Adding C:\Users\oskar\.gradle\caches\modules-2\files-2.1\io.netty\netty-resolver\4.1.77.Final\4a239dbf8d8bb5f98aa51462c35011c0516395fd\netty-resolver-4.1.77.Final.jar to classpath.
[17:28:13] [main/DEBUG] (FabricLoader/Knot) Adding C:\Users\oskar\.gradle\caches\modules-2\files-2.1\io.netty\netty-transport\4.1.77.Final\2a3373bbd20d520c821f210bd5ee886788512043\netty-transport-4.1.77.Final.jar to classpath.
[17:28:13] [main/DEBUG] (FabricLoader/Knot) Adding C:\Users\oskar\.gradle\caches\modules-2\files-2.1\io.netty\netty-transport-native-unix-common\4.1.77.Final\c95d53486414b3270d08057957c5da8e0c37e4eb\netty-transport-native-unix-common-4.1.77.Final.jar to classpath.
[17:28:13] [main/DEBUG] (FabricLoader/Knot) Adding C:\Users\oskar\.gradle\caches\modules-2\files-2.1\io.netty\netty-transport-classes-epoll\4.1.77.Final\dd70dbccbcf98382223a59044f3c08d8e9920cad\netty-transport-classes-epoll-4.1.77.Final.jar to classpath.
[17:28:13] [main/DEBUG] (FabricLoader/Knot) Adding C:\Users\oskar\.gradle\caches\modules-2\files-2.1\com.google.guava\failureaccess\1.0.1\1dcf1de382a0bf95a3d8b0849546c88bac1292c9\failureaccess-1.0.1.jar to classpath.
[17:28:13] [main/DEBUG] (FabricLoader/Knot) Adding C:\Users\oskar\.gradle\caches\modules-2\files-2.1\com.google.guava\guava\31.0.1-jre\119ea2b2bc205b138974d351777b20f02b92704b\guava-31.0.1-jre.jar to classpath.
[17:28:13] [main/DEBUG] (FabricLoader/Knot) Adding C:\Users\oskar\.gradle\caches\modules-2\files-2.1\org.apache.commons\commons-lang3\3.12.0\c6842c86792ff03b9f1d1fe2aab8dc23aa6c6f0e\commons-lang3-3.12.0.jar to classpath.
[17:28:13] [main/DEBUG] (FabricLoader/Knot) Adding C:\Users\oskar\.gradle\caches\modules-2\files-2.1\commons-io\commons-io\2.11.0\a2503f302b11ebde7ebc3df41daebe0e4eea3689\commons-io-2.11.0.jar to classpath.
[17:28:13] [main/DEBUG] (FabricLoader/Knot) Adding C:\Users\oskar\.gradle\caches\modules-2\files-2.1\commons-codec\commons-codec\1.15\49d94806b6e3dc933dacbd8acb0fdbab8ebd1e5d\commons-codec-1.15.jar to classpath.
[17:28:13] [main/DEBUG] (FabricLoader/Knot) Adding C:\Users\oskar\.gradle\caches\modules-2\files-2.1\com.mojang\brigadier\1.0.18\c1ef1234282716483c92183f49bef47b1a89bfa9\brigadier-1.0.18.jar to classpath.
[17:28:13] [main/DEBUG] (FabricLoader/Knot) Adding C:\Users\oskar\.gradle\caches\modules-2\files-2.1\com.mojang\datafixerupper\5.0.28\e2157e236e529aff80a5fc3ccb506e56d46b130b\datafixerupper-5.0.28.jar to classpath.
[17:28:13] [main/DEBUG] (FabricLoader/Knot) Adding C:\Users\oskar\.gradle\caches\modules-2\files-2.1\org.apache.commons\commons-compress\1.21\4ec95b60d4e86b5c95a0e919cb172a0af98011ef\commons-compress-1.21.jar to classpath.
[17:28:13] [main/DEBUG] (FabricLoader/Knot) Adding C:\Users\oskar\.gradle\caches\modules-2\files-2.1\org.apache.httpcomponents\httpclient\4.5.13\e5f6cae5ca7ecaac1ec2827a9e2d65ae2869cada\httpclient-4.5.13.jar to classpath.
[17:28:13] [main/DEBUG] (FabricLoader/Knot) Adding C:\Users\oskar\.gradle\caches\modules-2\files-2.1\commons-logging\commons-logging\1.2\4bfc12adfe4842bf07b657f0369c4cb522955686\commons-logging-1.2.jar to classpath.
[17:28:13] [main/DEBUG] (FabricLoader/Knot) Adding C:\Users\oskar\.gradle\caches\modules-2\files-2.1\org.apache.httpcomponents\httpcore\4.4.14\9dd1a631c082d92ecd4bd8fd4cf55026c720a8c1\httpcore-4.4.14.jar to classpath.
[17:28:13] [main/DEBUG] (FabricLoader/Knot) Adding C:\Users\oskar\.gradle\caches\modules-2\files-2.1\it.unimi.dsi\fastutil\8.5.6\76f95700418a68fbc4ac050525261f05dc681ca1\fastutil-8.5.6.jar to classpath.
[17:28:13] [main/DEBUG] (FabricLoader/Knot) Adding C:\Users\oskar\.gradle\caches\modules-2\files-2.1\org.lwjgl\lwjgl\3.3.1\ae58664f88e18a9bb2c77b063833ca7aaec484cb\lwjgl-3.3.1.jar to classpath.
[17:28:13] [main/DEBUG] (FabricLoader/Knot) Adding C:\Users\oskar\.gradle\caches\modules-2\files-2.1\org.lwjgl\lwjgl\3.3.1\36c37f16ab611b3aa11f3bcf80b1d509b4ce6b\lwjgl-3.3.1-natives-windows.jar to classpath.
[17:28:13] [main/DEBUG] (FabricLoader/Knot) Adding C:\Users\oskar\.gradle\caches\modules-2\files-2.1\org.lwjgl\lwjgl\3.3.1\3b14f4beae9dd39791ec9e12190a9380cd8a3ce6\lwjgl-3.3.1-natives-windows-x86.jar to classpath.
[17:28:13] [main/DEBUG] (FabricLoader/Knot) Adding C:\Users\oskar\.gradle\caches\modules-2\files-2.1\org.lwjgl\lwjgl\3.3.1\f46cadcf95675908fd3a550d63d9d709cb68998\lwjgl-3.3.1-natives-windows-arm64.jar to classpath.
[17:28:13] [main/DEBUG] (FabricLoader/Knot) Adding C:\Users\oskar\.gradle\caches\modules-2\files-2.1\org.lwjgl\lwjgl-jemalloc\3.3.1\a817bcf213db49f710603677457567c37d53e103\lwjgl-jemalloc-3.3.1.jar to classpath.
[17:28:13] [main/DEBUG] (FabricLoader/Knot) Adding C:\Users\oskar\.gradle\caches\modules-2\files-2.1\org.lwjgl\lwjgl-jemalloc\3.3.1\948a89b76a16aa324b046ae9308891216ffce5f9\lwjgl-jemalloc-3.3.1-natives-windows.jar to classpath.
[17:28:13] [main/DEBUG] (FabricLoader/Knot) Adding C:\Users\oskar\.gradle\caches\modules-2\files-2.1\org.lwjgl\lwjgl-jemalloc\3.3.1\fb476c8ec110e1c137ad3ce8a7f7bfe6b11c6324\lwjgl-jemalloc-3.3.1-natives-windows-x86.jar to classpath.
[17:28:13] [main/DEBUG] (FabricLoader/Knot) Adding C:\Users\oskar\.gradle\caches\modules-2\files-2.1\org.lwjgl\lwjgl-jemalloc\3.3.1\cae85c4edb219c88b6a0c26a87955ad98dc9519d\lwjgl-jemalloc-3.3.1-natives-windows-arm64.jar to classpath.
[17:28:13] [main/DEBUG] (FabricLoader/Knot) Adding C:\Users\oskar\.gradle\caches\modules-2\files-2.1\org.lwjgl\lwjgl-openal\3.3.1\2623a6b8ae1dfcd880738656a9f0243d2e6840bd\lwjgl-openal-3.3.1.jar to classpath.
[17:28:13] [main/DEBUG] (FabricLoader/Knot) Adding C:\Users\oskar\.gradle\caches\modules-2\files-2.1\org.lwjgl\lwjgl-openal\3.3.1\30a474d0e57193d7bc128849a3ab66bc9316fdb1\lwjgl-openal-3.3.1-natives-windows.jar to classpath.
[17:28:13] [main/DEBUG] (FabricLoader/Knot) Adding C:\Users\oskar\.gradle\caches\modules-2\files-2.1\org.lwjgl\lwjgl-openal\3.3.1\888349f7b1be6fbae58bf8edfb9ef12def04c4e3\lwjgl-openal-3.3.1-natives-windows-x86.jar to classpath.
[17:28:13] [main/DEBUG] (FabricLoader/Knot) Adding C:\Users\oskar\.gradle\caches\modules-2\files-2.1\org.lwjgl\lwjgl-openal\3.3.1\40d65f1a7368a2aa47336f9cb69f5a190cf9975a\lwjgl-openal-3.3.1-natives-windows-arm64.jar to classpath.
[17:28:13] [main/DEBUG] (FabricLoader/Knot) Adding C:\Users\oskar\.gradle\caches\modules-2\files-2.1\org.lwjgl\lwjgl-opengl\3.3.1\831a5533a21a5f4f81bbc51bb13e9899319b5411\lwjgl-opengl-3.3.1.jar to classpath.
[17:28:13] [main/DEBUG] (FabricLoader/Knot) Adding C:\Users\oskar\.gradle\caches\modules-2\files-2.1\org.lwjgl\lwjgl-opengl\3.3.1\c1807e9bd571402787d7e37e3029776ae2513bb8\lwjgl-opengl-3.3.1-natives-windows.jar to classpath.
[17:28:13] [main/DEBUG] (FabricLoader/Knot) Adding C:\Users\oskar\.gradle\caches\modules-2\files-2.1\org.lwjgl\lwjgl-opengl\3.3.1\deef3eb9b178ff2ff3ce893cc72ae741c3a17974\lwjgl-opengl-3.3.1-natives-windows-x86.jar to classpath.
[17:28:13] [main/DEBUG] (FabricLoader/Knot) Adding C:\Users\oskar\.gradle\caches\modules-2\files-2.1\org.lwjgl\lwjgl-opengl\3.3.1\527d78f1e9056aff3ed02ce93019c73c5e8f1721\lwjgl-opengl-3.3.1-natives-windows-arm64.jar to classpath.
[17:28:13] [main/DEBUG] (FabricLoader/Knot) Adding C:\Users\oskar\.gradle\caches\modules-2\files-2.1\org.lwjgl\lwjgl-glfw\3.3.1\cbac1b8d30cb4795149c1ef540f912671a8616d0\lwjgl-glfw-3.3.1.jar to classpath.
[17:28:13] [main/DEBUG] (FabricLoader/Knot) Adding C:\Users\oskar\.gradle\caches\modules-2\files-2.1\org.lwjgl\lwjgl-glfw\3.3.1\ed892f945cf7e79c8756796f32d00fa4ceaf573b\lwjgl-glfw-3.3.1-natives-windows.jar to classpath.
[17:28:13] [main/DEBUG] (FabricLoader/Knot) Adding C:\Users\oskar\.gradle\caches\modules-2\files-2.1\org.lwjgl\lwjgl-glfw\3.3.1\b997e3391d6ce8f05487e7335d95c606043884a1\lwjgl-glfw-3.3.1-natives-windows-x86.jar to classpath.
[17:28:13] [main/DEBUG] (FabricLoader/Knot) Adding C:\Users\oskar\.gradle\caches\modules-2\files-2.1\org.lwjgl\lwjgl-glfw\3.3.1\beda65ee503443e60aa196d58ed31f8d001dc22a\lwjgl-glfw-3.3.1-natives-windows-arm64.jar to classpath.
[17:28:13] [main/DEBUG] (FabricLoader/Knot) Adding C:\Users\oskar\.gradle\caches\modules-2\files-2.1\org.lwjgl\lwjgl-stb\3.3.1\b119297cf8ed01f247abe8685857f8e7fcf5980f\lwjgl-stb-3.3.1.jar to classpath.
[17:28:13] [main/DEBUG] (FabricLoader/Knot) Adding C:\Users\oskar\.gradle\caches\modules-2\files-2.1\org.lwjgl\lwjgl-stb\3.3.1\86315914ac119efdb02dc9e8e978ade84f1702af\lwjgl-stb-3.3.1-natives-windows.jar to classpath.
[17:28:13] [main/DEBUG] (FabricLoader/Knot) Adding C:\Users\oskar\.gradle\caches\modules-2\files-2.1\org.lwjgl\lwjgl-stb\3.3.1\a8d41f419eecb430b7c91ea2ce2c5c451cae2091\lwjgl-stb-3.3.1-natives-windows-x86.jar to classpath.
[17:28:13] [main/DEBUG] (FabricLoader/Knot) Adding C:\Users\oskar\.gradle\caches\modules-2\files-2.1\org.lwjgl\lwjgl-stb\3.3.1\fde63cdd2605c00636721a6c8b961e41d1f6b247\lwjgl-stb-3.3.1-natives-windows-arm64.jar to classpath.
[17:28:13] [main/DEBUG] (FabricLoader/Knot) Adding C:\Users\oskar\.gradle\caches\modules-2\files-2.1\org.lwjgl\lwjgl-tinyfd\3.3.1\ff1914111ef2e3e0110ef2dabc8d8cdaad82347\lwjgl-tinyfd-3.3.1.jar to classpath.
[17:28:13] [main/DEBUG] (FabricLoader/Knot) Adding C:\Users\oskar\.gradle\caches\modules-2\files-2.1\org.lwjgl\lwjgl-tinyfd\3.3.1\a5d830475ec0958d9fdba1559efa99aef211e6ff\lwjgl-tinyfd-3.3.1-natives-windows.jar to classpath.
[17:28:13] [main/DEBUG] (FabricLoader/Knot) Adding C:\Users\oskar\.gradle\caches\modules-2\files-2.1\org.lwjgl\lwjgl-tinyfd\3.3.1\842eedd876fae354abc308c98a263f6bbc9e8a4d\lwjgl-tinyfd-3.3.1-natives-windows-x86.jar to classpath.
[17:28:13] [main/DEBUG] (FabricLoader/Knot) Adding C:\Users\oskar\.gradle\caches\modules-2\files-2.1\org.lwjgl\lwjgl-tinyfd\3.3.1\83a5e780df610829ff3a737822b4f931cffecd91\lwjgl-tinyfd-3.3.1-natives-windows-arm64.jar to classpath.
[17:28:13] [main/DEBUG] (FabricLoader/Knot) Adding C:\Users\oskar\.gradle\caches\modules-2\files-2.1\com.mojang\text2speech\1.16.7\ee4095669061d1fe4bce5fea23d69d1520bc2d58\text2speech-1.16.7.jar to classpath.
[17:28:13] [main/DEBUG] (FabricLoader/Knot) Adding C:\Users\oskar\.gradle\caches\modules-2\files-2.1\io.netty\netty-transport-native-epoll\4.1.77.Final\8d10e9e138dac52172dd83229bdc89197100c723\netty-transport-native-epoll-4.1.77.Final-linux-x86_64.jar to classpath.
[17:28:13] [main/DEBUG] (FabricLoader/Knot) Adding C:\Users\oskar\.gradle\caches\modules-2\files-2.1\io.netty\netty-transport-native-epoll\4.1.77.Final\5f051599ced83e119ddeda891f471c0613721e5c\netty-transport-native-epoll-4.1.77.Final-linux-aarch_64.jar to classpath.
[17:28:13] [main/DEBUG] (FabricLoader/Knot) Adding C:\Users\oskar\.gradle\caches\modules-2\files-2.1\me.djtheredstoner\DevAuth-common\1.2.0\656aba9e1a93475b3838c0e9657950fb3607af97\DevAuth-common-1.2.0.jar to classpath.
[17:28:13] [main/DEBUG] (FabricLoader/Knot) Adding C:\Users\oskar\.gradle\caches\modules-2\files-2.1\com.electronwill.night-config\toml\3.6.5\76d244e23fd69c681c2effcdaa602950167ec406\toml-3.6.5.jar to classpath.
[17:28:13] [main/DEBUG] (FabricLoader/Knot) Adding C:\Users\oskar\.gradle\caches\modules-2\files-2.1\com.electronwill.night-config\core\3.6.5\96a255af6a7a2e23d2be6f393b7cabb80aa180a4\core-3.6.5.jar to classpath.
[17:28:13] [main/DEBUG] (FabricLoader/Knot) Adding C:\Users\oskar\OneDrive\Skrivbord\Timeshattered mod\.gradle\loom-cache\remapped_mods\net_fabricmc_yarn_1_19_2_1_19_2_build_28_v2\net\fabricmc\fabric-api\fabric-api\0.77.0+1.19.2\fabric-api-0.77.0+1.19.2.jar to classpath.
[17:28:13] [main/DEBUG] (FabricLoader/Knot) Adding C:\Users\oskar\OneDrive\Skrivbord\Timeshattered mod\.gradle\loom-cache\remapped_mods\net_fabricmc_yarn_1_19_2_1_19_2_build_28_v2\net\fabricmc\fabric-api\fabric-transfer-api-v1\2.1.6+413cbbc790\fabric-transfer-api-v1-2.1.6+413cbbc790.jar to classpath.
[17:28:13] [main/DEBUG] (FabricLoader/Knot) Adding C:\Users\oskar\OneDrive\Skrivbord\Timeshattered mod\.gradle\loom-cache\remapped_mods\net_fabricmc_yarn_1_19_2_1_19_2_build_28_v2\net\fabricmc\fabric-api\fabric-api-lookup-api-v1\1.6.14+93d8cb8290\fabric-api-lookup-api-v1-1.6.14+93d8cb8290.jar to classpath.
[17:28:13] [main/DEBUG] (FabricLoader/Knot) Adding C:\Users\oskar\OneDrive\Skrivbord\Timeshattered mod\.gradle\loom-cache\remapped_mods\net_fabricmc_yarn_1_19_2_1_19_2_build_28_v2\net\fabricmc\fabric-api\fabric-blockrenderlayer-v1\1.1.25+cafc6e8e90\fabric-blockrenderlayer-v1-1.1.25+cafc6e8e90.jar to classpath.
[17:28:13] [main/DEBUG] (FabricLoader/Knot) Adding C:\Users\oskar\OneDrive\Skrivbord\Timeshattered mod\.gradle\loom-cache\remapped_mods\net_fabricmc_yarn_1_19_2_1_19_2_build_28_v2\net\fabricmc\fabric-api\fabric-client-tags-api-v1\1.0.5+b35fea8390\fabric-client-tags-api-v1-1.0.5+b35fea8390.jar to classpath.
[17:28:13] [main/DEBUG] (FabricLoader/Knot) Adding C:\Users\oskar\OneDrive\Skrivbord\Timeshattered mod\.gradle\loom-cache\remapped_mods\net_fabricmc_yarn_1_19_2_1_19_2_build_28_v2\net\fabricmc\fabric-api\fabric-command-api-v2\2.2.1+413cbbc790\fabric-command-api-v2-2.2.1+413cbbc790.jar to classpath.
[17:28:13] [main/DEBUG] (FabricLoader/Knot) Adding C:\Users\oskar\OneDrive\Skrivbord\Timeshattered mod\.gradle\loom-cache\remapped_mods\net_fabricmc_yarn_1_19_2_1_19_2_build_28_v2\net\fabricmc\fabric-api\fabric-content-registries-v0\3.5.2+7c6cd14d90\fabric-content-registries-v0-3.5.2+7c6cd14d90.jar to classpath.
[17:28:13] [main/DEBUG] (FabricLoader/Knot) Adding C:\Users\oskar\OneDrive\Skrivbord\Timeshattered mod\.gradle\loom-cache\remapped_mods\net_fabricmc_yarn_1_19_2_1_19_2_build_28_v2\net\fabricmc\fabric-api\fabric-convention-tags-v1\1.3.0+4bc6e26290\fabric-convention-tags-v1-1.3.0+4bc6e26290.jar to classpath.
[17:28:13] [main/DEBUG] (FabricLoader/Knot) Adding C:\Users\oskar\OneDrive\Skrivbord\Timeshattered mod\.gradle\loom-cache\remapped_mods\net_fabricmc_yarn_1_19_2_1_19_2_build_28_v2\net\fabricmc\fabric-api\fabric-data-generation-api-v1\5.3.9+413cbbc790\fabric-data-generation-api-v1-5.3.9+413cbbc790.jar to classpath.
[17:28:13] [main/DEBUG] (FabricLoader/Knot) Adding C:\Users\oskar\OneDrive\Skrivbord\Timeshattered mod\.gradle\loom-cache\remapped_mods\net_fabricmc_yarn_1_19_2_1_19_2_build_28_v2\net\fabricmc\fabric-api\fabric-dimensions-v1\2.1.35+0d0f210290\fabric-dimensions-v1-2.1.35+0d0f210290.jar to classpath.
[17:28:13] [main/DEBUG] (FabricLoader/Knot) Adding C:\Users\oskar\OneDrive\Skrivbord\Timeshattered mod\.gradle\loom-cache\remapped_mods\net_fabricmc_yarn_1_19_2_1_19_2_build_28_v2\net\fabricmc\fabric-api\fabric-entity-events-v1\1.5.4+9244241690\fabric-entity-events-v1-1.5.4+9244241690.jar to classpath.
[17:28:13] [main/DEBUG] (FabricLoader/Knot) Adding C:\Users\oskar\OneDrive\Skrivbord\Timeshattered mod\.gradle\loom-cache\remapped_mods\net_fabricmc_yarn_1_19_2_1_19_2_build_28_v2\net\fabricmc\fabric-api\fabric-events-interaction-v0\0.4.34+562bff6e90\fabric-events-interaction-v0-0.4.34+562bff6e90.jar to classpath.
[17:28:13] [main/DEBUG] (FabricLoader/Knot) Adding C:\Users\oskar\OneDrive\Skrivbord\Timeshattered mod\.gradle\loom-cache\remapped_mods\net_fabricmc_yarn_1_19_2_1_19_2_build_28_v2\net\fabricmc\fabric-api\fabric-gametest-api-v1\1.1.8+4d0d570390\fabric-gametest-api-v1-1.1.8+4d0d570390.jar to classpath.
[17:28:13] [main/DEBUG] (FabricLoader/Knot) Adding C:\Users\oskar\OneDrive\Skrivbord\Timeshattered mod\.gradle\loom-cache\remapped_mods\net_fabricmc_yarn_1_19_2_1_19_2_build_28_v2\net\fabricmc\fabric-api\fabric-item-api-v1\1.6.6+b7d1888890\fabric-item-api-v1-1.6.6+b7d1888890.jar to classpath.
[17:28:13] [main/DEBUG] (FabricLoader/Knot) Adding C:\Users\oskar\OneDrive\Skrivbord\Timeshattered mod\.gradle\loom-cache\remapped_mods\net_fabricmc_yarn_1_19_2_1_19_2_build_28_v2\net\fabricmc\fabric-api\fabric-item-groups-v0\0.3.39+9244241690\fabric-item-groups-v0-0.3.39+9244241690.jar to classpath.
[17:28:13] [main/DEBUG] (FabricLoader/Knot) Adding C:\Users\oskar\OneDrive\Skrivbord\Timeshattered mod\.gradle\loom-cache\remapped_mods\net_fabricmc_yarn_1_19_2_1_19_2_build_28_v2\net\fabricmc\fabric-api\fabric-mining-level-api-v1\2.1.24+33fbc73890\fabric-mining-level-api-v1-2.1.24+33fbc73890.jar to classpath.
[17:28:13] [main/DEBUG] (FabricLoader/Knot) Adding C:\Users\oskar\OneDrive\Skrivbord\Timeshattered mod\.gradle\loom-cache\remapped_mods\net_fabricmc_yarn_1_19_2_1_19_2_build_28_v2\net\fabricmc\fabric-api\fabric-lifecycle-events-v1\2.2.4+1b46dc7890\fabric-lifecycle-events-v1-2.2.4+1b46dc7890.jar to classpath.
[17:28:13] [main/DEBUG] (FabricLoader/Knot) Adding C:\Users\oskar\OneDrive\Skrivbord\Timeshattered mod\.gradle\loom-cache\remapped_mods\net_fabricmc_yarn_1_19_2_1_19_2_build_28_v2\net\fabricmc\fabric-api\fabric-loot-api-v2\1.1.13+83a8659290\fabric-loot-api-v2-1.1.13+83a8659290.jar to classpath.
[17:28:13] [main/DEBUG] (FabricLoader/Knot) Adding C:\Users\oskar\OneDrive\Skrivbord\Timeshattered mod\.gradle\loom-cache\remapped_mods\net_fabricmc_yarn_1_19_2_1_19_2_build_28_v2\net\fabricmc\fabric-api\fabric-message-api-v1\5.0.7+93d8cb8290\fabric-message-api-v1-5.0.7+93d8cb8290.jar to classpath.
[17:28:13] [main/DEBUG] (FabricLoader/Knot) Adding C:\Users\oskar\OneDrive\Skrivbord\Timeshattered mod\.gradle\loom-cache\remapped_mods\net_fabricmc_yarn_1_19_2_1_19_2_build_28_v2\net\fabricmc\fabric-api\fabric-models-v0\0.3.21+c6af733c90\fabric-models-v0-0.3.21+c6af733c90.jar to classpath.
[17:28:13] [main/DEBUG] (FabricLoader/Knot) Adding C:\Users\oskar\OneDrive\Skrivbord\Timeshattered mod\.gradle\loom-cache\remapped_mods\net_fabricmc_yarn_1_19_2_1_19_2_build_28_v2\net\fabricmc\fabric-api\fabric-recipe-api-v1\1.0.2+413cbbc790\fabric-recipe-api-v1-1.0.2+413cbbc790.jar to classpath.
[17:28:13] [main/DEBUG] (FabricLoader/Knot) Adding C:\Users\oskar\OneDrive\Skrivbord\Timeshattered mod\.gradle\loom-cache\remapped_mods\net_fabricmc_yarn_1_19_2_1_19_2_build_28_v2\net\fabricmc\fabric-api\fabric-registry-sync-v0\0.9.33+9244241690\fabric-registry-sync-v0-0.9.33+9244241690.jar to classpath.
[17:28:13] [main/DEBUG] (FabricLoader/Knot) Adding C:\Users\oskar\OneDrive\Skrivbord\Timeshattered mod\.gradle\loom-cache\remapped_mods\net_fabricmc_yarn_1_19_2_1_19_2_build_28_v2\net\fabricmc\fabric-api\fabric-screen-handler-api-v1\1.3.8+1cc24b1b90\fabric-screen-handler-api-v1-1.3.8+1cc24b1b90.jar to classpath.
[17:28:13] [main/DEBUG] (FabricLoader/Knot) Adding C:\Users\oskar\OneDrive\Skrivbord\Timeshattered mod\.gradle\loom-cache\remapped_mods\net_fabricmc_yarn_1_19_2_1_19_2_build_28_v2\net\fabricmc\fabric-api\fabric-networking-api-v1\1.2.12+def3f86d90\fabric-networking-api-v1-1.2.12+def3f86d90.jar to classpath.
[17:28:13] [main/DEBUG] (FabricLoader/Knot) Adding C:\Users\oskar\OneDrive\Skrivbord\Timeshattered mod\.gradle\loom-cache\remapped_mods\net_fabricmc_yarn_1_19_2_1_19_2_build_28_v2\net\fabricmc\fabric-api\fabric-object-builder-api-v1\4.2.2+d8ef690890\fabric-object-builder-api-v1-4.2.2+d8ef690890.jar to classpath.
[17:28:13] [main/DEBUG] (FabricLoader/Knot) Adding C:\Users\oskar\OneDrive\Skrivbord\Timeshattered mod\.gradle\loom-cache\remapped_mods\net_fabricmc_yarn_1_19_2_1_19_2_build_28_v2\net\fabricmc\fabric-api\fabric-particles-v1\1.1.0+ee641e7390\fabric-particles-v1-1.1.0+ee641e7390.jar to classpath.
[17:28:13] [main/DEBUG] (FabricLoader/Knot) Adding C:\Users\oskar\OneDrive\Skrivbord\Timeshattered mod\.gradle\loom-cache\remapped_mods\net_fabricmc_yarn_1_19_2_1_19_2_build_28_v2\net\fabricmc\fabric-api\fabric-renderer-indigo\0.8.0+1adbf27790\fabric-renderer-indigo-0.8.0+1adbf27790.jar to classpath.
[17:28:13] [main/DEBUG] (FabricLoader/Knot) Adding C:\Users\oskar\OneDrive\Skrivbord\Timeshattered mod\.gradle\loom-cache\remapped_mods\net_fabricmc_yarn_1_19_2_1_19_2_build_28_v2\net\fabricmc\fabric-api\fabric-renderer-api-v1\1.2.1+1adbf27790\fabric-renderer-api-v1-1.2.1+1adbf27790.jar to classpath.
[17:28:13] [main/DEBUG] (FabricLoader/Knot) Adding C:\Users\oskar\OneDrive\Skrivbord\Timeshattered mod\.gradle\loom-cache\remapped_mods\net_fabricmc_yarn_1_19_2_1_19_2_build_28_v2\net\fabricmc\fabric-api\fabric-rendering-data-attachment-v1\0.3.19+6e0787e690\fabric-rendering-data-attachment-v1-0.3.19+6e0787e690.jar to classpath.
[17:28:13] [main/DEBUG] (FabricLoader/Knot) Adding C:\Users\oskar\OneDrive\Skrivbord\Timeshattered mod\.gradle\loom-cache\remapped_mods\net_fabricmc_yarn_1_19_2_1_19_2_build_28_v2\net\fabricmc\fabric-api\fabric-rendering-fluids-v1\3.0.11+4d0d570390\fabric-rendering-fluids-v1-3.0.11+4d0d570390.jar to classpath.
[17:28:13] [main/DEBUG] (FabricLoader/Knot) Adding C:\Users\oskar\OneDrive\Skrivbord\Timeshattered mod\.gradle\loom-cache\remapped_mods\net_fabricmc_yarn_1_19_2_1_19_2_build_28_v2\net\fabricmc\fabric-api\fabric-rendering-v1\1.13.0+526f2c6790\fabric-rendering-v1-1.13.0+526f2c6790.jar to classpath.
[17:28:13] [main/DEBUG] (FabricLoader/Knot) Adding C:\Users\oskar\OneDrive\Skrivbord\Timeshattered mod\.gradle\loom-cache\remapped_mods\net_fabricmc_yarn_1_19_2_1_19_2_build_28_v2\net\fabricmc\fabric-api\fabric-screen-api-v1\1.0.32+4d0d570390\fabric-screen-api-v1-1.0.32+4d0d570390.jar to classpath.
[17:28:13] [main/DEBUG] (FabricLoader/Knot) Adding C:\Users\oskar\OneDrive\Skrivbord\Timeshattered mod\.gradle\loom-cache\remapped_mods\net_fabricmc_yarn_1_19_2_1_19_2_build_28_v2\net\fabricmc\fabric-api\fabric-textures-v0\1.0.24+aeb40ebe90\fabric-textures-v0-1.0.24+aeb40ebe90.jar to classpath.
[17:28:13] [main/DEBUG] (FabricLoader/Knot) Adding C:\Users\oskar\OneDrive\Skrivbord\Timeshattered mod\.gradle\loom-cache\remapped_mods\net_fabricmc_yarn_1_19_2_1_19_2_build_28_v2\net\fabricmc\fabric-api\fabric-api-base\0.4.15+8f4e8eb390\fabric-api-base-0.4.15+8f4e8eb390.jar to classpath.
[17:28:13] [main/DEBUG] (FabricLoader/Knot) Adding C:\Users\oskar\OneDrive\Skrivbord\Timeshattered mod\.gradle\loom-cache\remapped_mods\net_fabricmc_yarn_1_19_2_1_19_2_build_28_v2\net\fabricmc\fabric-api\fabric-biome-api-v1\9.1.1+16f1e31390\fabric-biome-api-v1-9.1.1+16f1e31390.jar to classpath.
[17:28:13] [main/DEBUG] (FabricLoader/Knot) Adding C:\Users\oskar\OneDrive\Skrivbord\Timeshattered mod\.gradle\loom-cache\remapped_mods\net_fabricmc_yarn_1_19_2_1_19_2_build_28_v2\net\fabricmc\fabric-api\fabric-block-api-v1\1.0.2+e415d50e90\fabric-block-api-v1-1.0.2+e415d50e90.jar to classpath.
[17:28:13] [main/DEBUG] (FabricLoader/Knot) Adding C:\Users\oskar\OneDrive\Skrivbord\Timeshattered mod\.gradle\loom-cache\remapped_mods\net_fabricmc_yarn_1_19_2_1_19_2_build_28_v2\net\fabricmc\fabric-api\fabric-crash-report-info-v1\0.2.8+aeb40ebe90\fabric-crash-report-info-v1-0.2.8+aeb40ebe90.jar to classpath.
[17:28:13] [main/DEBUG] (FabricLoader/Knot) Adding C:\Users\oskar\OneDrive\Skrivbord\Timeshattered mod\.gradle\loom-cache\remapped_mods\net_fabricmc_yarn_1_19_2_1_19_2_build_28_v2\net\fabricmc\fabric-api\fabric-game-rule-api-v1\1.0.24+b6b6abb490\fabric-game-rule-api-v1-1.0.24+b6b6abb490.jar to classpath.
[17:28:13] [main/DEBUG] (FabricLoader/Knot) Adding C:\Users\oskar\OneDrive\Skrivbord\Timeshattered mod\.gradle\loom-cache\remapped_mods\net_fabricmc_yarn_1_19_2_1_19_2_build_28_v2\net\fabricmc\fabric-api\fabric-key-binding-api-v1\1.0.25+5c4fce2890\fabric-key-binding-api-v1-1.0.25+5c4fce2890.jar to classpath.
[17:28:13] [main/DEBUG] (FabricLoader/Knot) Adding C:\Users\oskar\OneDrive\Skrivbord\Timeshattered mod\.gradle\loom-cache\remapped_mods\net_fabricmc_yarn_1_19_2_1_19_2_build_28_v2\net\fabricmc\fabric-api\fabric-resource-conditions-api-v1\2.1.2+aae9039d90\fabric-resource-conditions-api-v1-2.1.2+aae9039d90.jar to classpath.
[17:28:13] [main/DEBUG] (FabricLoader/Knot) Adding C:\Users\oskar\OneDrive\Skrivbord\Timeshattered mod\.gradle\loom-cache\remapped_mods\net_fabricmc_yarn_1_19_2_1_19_2_build_28_v2\net\fabricmc\fabric-api\fabric-resource-loader-v0\0.8.4+edbdcddb90\fabric-resource-loader-v0-0.8.4+edbdcddb90.jar to classpath.
[17:28:13] [main/DEBUG] (FabricLoader/Knot) Adding C:\Users\oskar\OneDrive\Skrivbord\Timeshattered mod\.gradle\loom-cache\remapped_mods\net_fabricmc_yarn_1_19_2_1_19_2_build_28_v2\net\fabricmc\fabric-api\fabric-sound-api-v1\1.0.2+c4f28df590\fabric-sound-api-v1-1.0.2+c4f28df590.jar to classpath.
[17:28:13] [main/DEBUG] (FabricLoader/Knot) Adding C:\Users\oskar\OneDrive\Skrivbord\Timeshattered mod\.gradle\loom-cache\remapped_mods\net_fabricmc_yarn_1_19_2_1_19_2_build_28_v2\net\fabricmc\fabric-api\fabric-transitive-access-wideners-v1\1.3.3+08b73de490\fabric-transitive-access-wideners-v1-1.3.3+08b73de490.jar to classpath.
[17:28:13] [main/DEBUG] (FabricLoader/Knot) Adding C:\Users\oskar\OneDrive\Skrivbord\Timeshattered mod\.gradle\loom-cache\remapped_mods\net_fabricmc_yarn_1_19_2_1_19_2_build_28_v2\me\djtheredstoner\DevAuth-fabric\1.2.0\DevAuth-fabric-1.2.0.jar to classpath.
[17:28:13] [main/DEBUG] (FabricLoader/Knot) Adding C:\Users\oskar\.gradle\caches\modules-2\files-2.1\org.jline\jline-reader\3.12.1\4382ab1382c7b6f379377ed5f665dc2f6e1218bc\jline-reader-3.12.1.jar to classpath.
[17:28:13] [main/DEBUG] (FabricLoader/Knot) Adding C:\Users\oskar\.gradle\caches\modules-2\files-2.1\org.jline\jline-terminal\3.12.1\c777448314e050d980a6b697c140f3bfe9eb7416\jline-terminal-3.12.1.jar to classpath.
[17:28:13] [main/DEBUG] (FabricLoader/Entrypoint) Iterating over entrypoint 'preLaunch'
[17:28:13] [main/DEBUG] (FabricLoader/Mixin) Preparing mixins for MixinEnvironment[DEFAULT]
[17:28:13] [main/DEBUG] (FabricLoader/Mixin) Selecting config fabric-registry-sync-v0.mixins.json
[17:28:13] [main/DEBUG] (FabricLoader/Mixin) Remapping refMap fabric-registry-sync-v0-refmap.json using remapper chain
[17:28:13] [main/DEBUG] (FabricLoader/Mixin) Selecting config fabric-registry-sync-v0.client.mixins.json
[17:28:13] [main/DEBUG] (FabricLoader/Mixin) Remapping refMap client-fabric-registry-sync-v0-refmap.json using remapper chain
[17:28:13] [main/DEBUG] (FabricLoader/Mixin) Selecting config fabric-mining-level-api-v1.mixins.json
[17:28:13] [main/DEBUG] (FabricLoader/Mixin) Remapping refMap fabric-mining-level-api-v1-refmap.json using remapper chain
[17:28:13] [main/DEBUG] (FabricLoader/Mixin) Selecting config fabric-command-api-v2.mixins.json
[17:28:13] [main/DEBUG] (FabricLoader/Mixin) Remapping refMap fabric-command-api-v2-refmap.json using remapper chain
[17:28:13] [main/DEBUG] (FabricLoader/Mixin) Selecting config fabric-command-api-v2.client.mixins.json
[17:28:13] [main/DEBUG] (FabricLoader/Mixin) Remapping refMap client-fabric-command-api-v2-refmap.json using remapper chain
[17:28:13] [main/DEBUG] (FabricLoader/Mixin) Selecting config mixins.modmenu.json
[17:28:13] [main/DEBUG] (FabricLoader/Mixin) Remapping refMap modmenu-refmap.json using remapper chain
[17:28:13] [main/DEBUG] (FabricLoader/Mixin) Selecting config fabric-events-interaction-v0.mixins.json
[17:28:13] [main/DEBUG] (FabricLoader/Mixin) Remapping refMap fabric-events-interaction-v0-refmap.json using remapper chain
[17:28:13] [main/DEBUG] (FabricLoader/Mixin) Selecting config fabric-events-interaction-v0.client.mixins.json
[17:28:13] [main/DEBUG] (FabricLoader/Mixin) Remapping refMap client-fabric-events-interaction-v0-refmap.json using remapper chain
[17:28:13] [main/DEBUG] (FabricLoader/Mixin) Selecting config fabric-rendering-data-attachment-v1.mixins.json
[17:28:13] [main/DEBUG] (FabricLoader/Mixin) Remapping refMap fabric-rendering-data-attachment-v1-refmap.json using remapper chain
[17:28:13] [main/DEBUG] (FabricLoader/Mixin) Selecting config fabric-rendering-data-attachment-v1.client.mixins.json
[17:28:13] [main/DEBUG] (FabricLoader/Mixin) Remapping refMap client-fabric-rendering-data-attachment-v1-refmap.json using remapper chain
[17:28:13] [main/DEBUG] (FabricLoader/Mixin) Selecting config fabric-resource-loader-v0.mixins.json
[17:28:13] [main/DEBUG] (FabricLoader/Mixin) Remapping refMap fabric-resource-loader-v0-refmap.json using remapper chain
[17:28:13] [main/DEBUG] (FabricLoader/Mixin) Selecting config fabric-resource-loader-v0.client.mixins.json
[17:28:13] [main/DEBUG] (FabricLoader/Mixin) Remapping refMap client-fabric-resource-loader-v0-refmap.json using remapper chain
[17:28:13] [main/DEBUG] (FabricLoader/Mixin) Selecting config calio.mixins.json
[17:28:13] [main/DEBUG] (FabricLoader/Mixin) Remapping refMap Calio-1.19-refmap.json using remapper chain
[17:28:13] [main/DEBUG] (FabricLoader/Mixin) Selecting config pickyourpoison.mixins.json
[17:28:13] [main/DEBUG] (FabricLoader/Mixin) Remapping refMap pickyourpoison-refmap.json using remapper chain
[17:28:13] [main/DEBUG] (FabricLoader/Mixin) Selecting config mixins.playerabilitylib.common.json
[17:28:13] [main/DEBUG] (FabricLoader/Mixin) Remapping refMap pal-refmap.json using remapper chain
[17:28:13] [main/DEBUG] (FabricLoader/Mixin) Selecting config fabric-game-rule-api-v1.mixins.json
[17:28:13] [main/DEBUG] (FabricLoader/Mixin) Remapping refMap fabric-game-rule-api-v1-refmap.json using remapper chain
[17:28:13] [main/DEBUG] (FabricLoader/Mixin) Selecting config fabric-game-rule-api-v1.client.mixins.json
[17:28:13] [main/DEBUG] (FabricLoader/Mixin) Remapping refMap client-fabric-game-rule-api-v1-refmap.json using remapper chain
[17:28:13] [main/DEBUG] (FabricLoader/Mixin) Selecting config fabric-biome-api-v1.mixins.json
[17:28:13] [main/DEBUG] (FabricLoader/Mixin) Remapping refMap fabric-biome-api-v1-refmap.json using remapper chain
[17:28:13] [main/DEBUG] (FabricLoader/Mixin) Selecting config porting_lib_extensions.mixins.json
[17:28:13] [main/DEBUG] (FabricLoader/Mixin) Remapping refMap porting_lib_extensions-refmap.json using remapper chain
[17:28:13] [main/DEBUG] (FabricLoader/Mixin) Selecting config origins.mixins.json
[17:28:13] [main/DEBUG] (FabricLoader/Mixin) Remapping refMap Origins-1.19.2-refmap.json using remapper chain
[17:28:13] [main/DEBUG] (FabricLoader/Mixin) Selecting config porting_lib_models.mixins.json
[17:28:13] [main/DEBUG] (FabricLoader/Mixin) Remapping refMap porting_lib_models-refmap.json using remapper chain
[17:28:13] [main/DEBUG] (FabricLoader/Mixin) Selecting config emi.mixins.json
[17:28:13] [main/DEBUG] (FabricLoader/Mixin) Remapping refMap emi-xplat-refmap.json using remapper chain
[17:28:13] [main/DEBUG] (FabricLoader/Mixin) Selecting config emi-fabric.mixins.json
[17:28:13] [main/DEBUG] (FabricLoader/Mixin) Remapping refMap emi-fabric-refmap.json using remapper chain
[17:28:13] [main/DEBUG] (FabricLoader/Mixin) Selecting config mixins.devauth.json
[17:28:13] [main/DEBUG] (FabricLoader/Mixin) Remapping refMap mixins.devauth.refmap.json using remapper chain
[17:28:13] [main/DEBUG] (FabricLoader/Mixin) Selecting config porting_lib_entity.mixins.json
[17:28:13] [main/DEBUG] (FabricLoader/Mixin) Remapping refMap porting_lib_entity-refmap.json using remapper chain
[17:28:13] [main/DEBUG] (FabricLoader/Mixin) Selecting config fabric-message-api-v1.mixins.json
[17:28:13] [main/DEBUG] (FabricLoader/Mixin) Remapping refMap fabric-message-api-v1-refmap.json using remapper chain
[17:28:13] [main/DEBUG] (FabricLoader/Mixin) Selecting config mixins.reach-entity-attributes.json
[17:28:13] [main/DEBUG] (FabricLoader/Mixin) Remapping refMap refmap.reach-entity-attributes.json using remapper chain
[17:28:13] [main/DEBUG] (FabricLoader/Mixin) Selecting config fabric-api-lookup-api-v1.mixins.json
[17:28:13] [main/DEBUG] (FabricLoader/Mixin) Remapping refMap fabric-api-lookup-api-v1-refmap.json using remapper chain
[17:28:13] [main/DEBUG] (FabricLoader/Mixin) Selecting config midnightlib.mixins.json
[17:28:13] [main/DEBUG] (FabricLoader/Mixin) Remapping refMap midnightlib-common-refmap.json using remapper chain
[17:28:13] [main/DEBUG] (FabricLoader/Mixin) Selecting config fabric-item-api-v1.mixins.json
[17:28:13] [main/DEBUG] (FabricLoader/Mixin) Remapping refMap fabric-item-api-v1-refmap.json using remapper chain
[17:28:13] [main/DEBUG] (FabricLoader/Mixin) Selecting config fabric-item-api-v1.client.mixins.json
[17:28:13] [main/DEBUG] (FabricLoader/Mixin) Remapping refMap client-fabric-item-api-v1-refmap.json using remapper chain
[17:28:13] [main/DEBUG] (FabricLoader/Mixin) Selecting config fabric-rendering-fluids-v1.mixins.json
[17:28:13] [main/DEBUG] (FabricLoader/Mixin) Remapping refMap client-fabric-rendering-fluids-v1-refmap.json using remapper chain
[17:28:13] [main/DEBUG] (FabricLoader/Mixin) Selecting config fabric-renderer-api-v1.mixins.json
[17:28:13] [main/DEBUG] (FabricLoader/Mixin) Remapping refMap client-fabric-renderer-api-v1-refmap.json using remapper chain
[17:28:13] [main/DEBUG] (FabricLoader/Mixin) Selecting config fabric-renderer-api-v1.debughud.mixins.json
[17:28:13] [main/DEBUG] (FabricLoader/Mixin) Remapping refMap client-fabric-renderer-api-v1-refmap.json using remapper chain
[17:28:13] [main/DEBUG] (FabricLoader/Mixin) Selecting config fabric-networking-api-v1.mixins.json
[17:28:13] [main/DEBUG] (FabricLoader/Mixin) Remapping refMap fabric-networking-api-v1-refmap.json using remapper chain
[17:28:13] [main/DEBUG] (FabricLoader/Mixin) Selecting config fabric-networking-api-v1.client.mixins.json
[17:28:13] [main/DEBUG] (FabricLoader/Mixin) Remapping refMap client-fabric-networking-api-v1-refmap.json using remapper chain
[17:28:13] [main/DEBUG] (FabricLoader/Mixin) Selecting config icarus.mixins.json
[17:28:13] [main/DEBUG] (FabricLoader/Mixin) Remapping refMap icarus-refmap.json using remapper chain
[17:28:13] [main/DEBUG] (FabricLoader/Mixin) Selecting config forgeconfigapiport.fabric.mixins.json
[17:28:13] [main/DEBUG] (FabricLoader/Mixin) Remapping refMap forgeconfigapiport.refmap.json using remapper chain
[17:28:13] [main/DEBUG] (FabricLoader/Mixin) Selecting config fabric-particles-v1.client.mixins.json
[17:28:13] [main/DEBUG] (FabricLoader/Mixin) Remapping refMap client-fabric-particles-v1-refmap.json using remapper chain
[17:28:13] [main/DEBUG] (FabricLoader/Mixin) Selecting config fabric-lifecycle-events-v1.mixins.json
[17:28:13] [main/DEBUG] (FabricLoader/Mixin) Remapping refMap fabric-lifecycle-events-v1-refmap.json using remapper chain
[17:28:13] [main/DEBUG] (FabricLoader/Mixin) Selecting config fabric-lifecycle-events-v1.client.mixins.json
[17:28:13] [main/DEBUG] (FabricLoader/Mixin) Remapping refMap client-fabric-lifecycle-events-v1-refmap.json using remapper chain
[17:28:13] [main/DEBUG] (FabricLoader/Mixin) Selecting config fabric-entity-events-v1.mixins.json
[17:28:13] [main/DEBUG] (FabricLoader/Mixin) Remapping refMap fabric-entity-events-v1-refmap.json using remapper chain
[17:28:13] [main/DEBUG] (FabricLoader/Mixin) Selecting config fabric-entity-events-v1.client.mixins.json
[17:28:13] [main/DEBUG] (FabricLoader/Mixin) Remapping refMap client-fabric-entity-events-v1-refmap.json using remapper chain
[17:28:13] [main/DEBUG] (FabricLoader/Mixin) Selecting config fabric-transfer-api-v1.mixins.json
[17:28:13] [main/DEBUG] (FabricLoader/Mixin) Remapping refMap fabric-transfer-api-v1-refmap.json using remapper chain
[17:28:13] [main/DEBUG] (FabricLoader/Mixin) Selecting config fabric-renderer-indigo.mixins.json
[17:28:13] [main/DEBUG] (FabricLoader/Mixin) Remapping refMap client-fabric-renderer-indigo-refmap.json using remapper chain
[17:28:13] [main/DEBUG] (FabricLoader/Mixin) Selecting config mixinextras.init.mixins.json
[17:28:13] [main/DEBUG] (FabricLoader/MixinExtras|Service) com.llamalad7.mixinextras.service.MixinExtrasServiceImpl(version=0.4.1) is taking over from null
[17:28:13] [main/DEBUG] (FabricLoader/Mixin) Registering new injector for @Inject with org.spongepowered.asm.mixin.injection.struct.CallbackInjectionInfo
[17:28:13] [main/DEBUG] (FabricLoader/Mixin) Registering new injector for @ModifyArg with org.spongepowered.asm.mixin.injection.struct.ModifyArgInjectionInfo
[17:28:13] [main/DEBUG] (FabricLoader/Mixin) Registering new injector for @ModifyArgs with org.spongepowered.asm.mixin.injection.struct.ModifyArgsInjectionInfo
[17:28:13] [main/DEBUG] (FabricLoader/Mixin) Registering new injector for @Redirect with org.spongepowered.asm.mixin.injection.struct.RedirectInjectionInfo
[17:28:13] [main/DEBUG] (FabricLoader/Mixin) Registering new injector for @ModifyVariable with org.spongepowered.asm.mixin.injection.struct.ModifyVariableInjectionInfo
[17:28:13] [main/DEBUG] (FabricLoader/Mixin) Registering new injector for @ModifyConstant with org.spongepowered.asm.mixin.injection.struct.ModifyConstantInjectionInfo
[17:28:13] [main/DEBUG] (FabricLoader/Mixin) Selecting config porting_lib_base.mixins.json
[17:28:13] [main/DEBUG] (FabricLoader/Mixin) Remapping refMap porting_lib_base-refmap.json using remapper chain
[17:28:13] [main/DEBUG] (FabricLoader/Mixin) Selecting config porting_lib_tags.mixins.json
[17:28:13] [main/DEBUG] (FabricLoader/Mixin) Remapping refMap porting_lib_tags-refmap.json using remapper chain
[17:28:13] [main/DEBUG] (FabricLoader/Mixin) Selecting config fabric-data-generation-api-v1.mixins.json
[17:28:13] [main/DEBUG] (FabricLoader/Mixin) Remapping refMap fabric-data-generation-api-v1-refmap.json using remapper chain
[17:28:13] [main/DEBUG] (FabricLoader/Mixin) Selecting config fabric-data-generation-api-v1.client.mixins.json
[17:28:13] [main/DEBUG] (FabricLoader/Mixin) Remapping refMap client-fabric-data-generation-api-v1-refmap.json using remapper chain
[17:28:13] [main/DEBUG] (FabricLoader/Mixin) Selecting config fabric-recipe-api-v1.mixins.json
[17:28:13] [main/DEBUG] (FabricLoader/Mixin) Remapping refMap fabric-recipe-api-v1-refmap.json using remapper chain
[17:28:13] [main/DEBUG] (FabricLoader/Mixin) Selecting config mixins.mm.json
[17:28:13] [main/DEBUG] (FabricLoader/Mixin) Remapping refMap mixins.mm.refmap.json using remapper chain
[17:28:13] [main/DEBUG] (FabricLoader/Mixin) Selecting config timeshattered.mixins.json
[17:28:13] [main/DEBUG] (FabricLoader/Mixin) Selecting config geckolib3.mixins.json
[17:28:13] [main/DEBUG] (FabricLoader/Mixin) Remapping refMap geckolib-fabric-1.19-refmap.json using remapper chain
[17:28:13] [main/DEBUG] (FabricLoader/Mixin) Selecting config registrate-fabric.mixins.json
[17:28:13] [main/DEBUG] (FabricLoader/Mixin) Remapping refMap Registrate-Fabric-refmap.json using remapper chain
[17:28:13] [main/DEBUG] (FabricLoader/Mixin) Selecting config fabric-block-api-v1.mixins.json
[17:28:13] [main/DEBUG] (FabricLoader/Mixin) Remapping refMap fabric-block-api-v1-refmap.json using remapper chain
[17:28:13] [main/DEBUG] (FabricLoader/Mixin) Selecting config fabric-key-binding-api-v1.mixins.json
[17:28:13] [main/DEBUG] (FabricLoader/Mixin) Remapping refMap client-fabric-key-binding-api-v1-refmap.json using remapper chain
[17:28:13] [main/DEBUG] (FabricLoader/Mixin) Selecting config porting_lib_attributes.common.mixins.json
[17:28:13] [main/DEBUG] (FabricLoader/Mixin) Remapping refMap porting_lib_attributes-refmap.json using remapper chain
[17:28:13] [main/DEBUG] (FabricLoader/Mixin) Selecting config apoli.mixins.json
[17:28:13] [main/DEBUG] (FabricLoader/Mixin) Remapping refMap Apoli-1.19.2-refmap.json using remapper chain
[17:28:13] [main/DEBUG] (FabricLoader/Mixin) Selecting config fabric-blockrenderlayer-v1.mixins.json
[17:28:13] [main/DEBUG] (FabricLoader/Mixin) Remapping refMap client-fabric-blockrenderlayer-v1-refmap.json using remapper chain
[17:28:13] [main/DEBUG] (FabricLoader/Mixin) Selecting config fabric-item-groups-v0.mixins.json
[17:28:13] [main/DEBUG] (FabricLoader/Mixin) Remapping refMap fabric-item-groups-v0-refmap.json using remapper chain
[17:28:13] [main/DEBUG] (FabricLoader/Mixin) Selecting config fabric-item-groups-v0.client.mixins.json
[17:28:13] [main/DEBUG] (FabricLoader/Mixin) Remapping refMap client-fabric-item-groups-v0-refmap.json using remapper chain
[17:28:13] [main/DEBUG] (FabricLoader/Mixin) Selecting config porting_lib_accessors.mixins.json
[17:28:13] [main/DEBUG] (FabricLoader/Mixin) Remapping refMap porting_lib_accessors-refmap.json using remapper chain
[17:28:13] [main/DEBUG] (FabricLoader/Mixin) Selecting config porting_lib_common.mixins.json
[17:28:13] [main/DEBUG] (FabricLoader/Mixin) Remapping refMap porting_lib_common-refmap.json using remapper chain
[17:28:13] [main/DEBUG] (FabricLoader/Mixin) Selecting config porting_lib_fake_players.mixins.json
[17:28:13] [main/DEBUG] (FabricLoader/Mixin) Remapping refMap porting_lib_fake_players-refmap.json using remapper chain
[17:28:13] [main/DEBUG] (FabricLoader/Mixin) Selecting config fabric-sound-api-v1.mixins.json
[17:28:13] [main/DEBUG] (FabricLoader/Mixin) Remapping refMap client-fabric-sound-api-v1-refmap.json using remapper chain
[17:28:13] [main/DEBUG] (FabricLoader/Mixin) Selecting config trinkets.mixins.json
[17:28:13] [main/DEBUG] (FabricLoader/Mixin) Remapping refMap trinkets-refmap.json using remapper chain
[17:28:13] [main/DEBUG] (FabricLoader/Mixin) Selecting config porting_lib_model_loader.mixins.json
[17:28:13] [main/DEBUG] (FabricLoader/Mixin) Remapping refMap porting_lib_model_loader-refmap.json using remapper chain
[17:28:13] [main/DEBUG] (FabricLoader/Mixin) Selecting config fabric-screen-api-v1.mixins.json
[17:28:13] [main/DEBUG] (FabricLoader/Mixin) Remapping refMap client-fabric-screen-api-v1-refmap.json using remapper chain
[17:28:13] [main/DEBUG] (FabricLoader/Mixin) Selecting config milk.mixins.json
[17:28:13] [main/DEBUG] (FabricLoader/Mixin) Remapping refMap milk-refmap.json using remapper chain
[17:28:13] [main/DEBUG] (FabricLoader/Mixin) Selecting config dripstone_fluid_lib.mixins.json
[17:28:13] [main/DEBUG] (FabricLoader/Mixin) Remapping refMap dripstone_fluid_lib-refmap.json using remapper chain
[17:28:13] [main/DEBUG] (FabricLoader/Mixin) Selecting config mixins.cardinal_components_entity.json
[17:28:13] [main/DEBUG] (FabricLoader/Mixin) Remapping refMap cardinal-components-entity-refmap.json using remapper chain
[17:28:13] [main/DEBUG] (FabricLoader/Mixin) Selecting config serialization_hooks.mixins.json
[17:28:13] [main/DEBUG] (FabricLoader/Mixin) Remapping refMap serialization_hooks-refmap.json using remapper chain
[17:28:13] [main/DEBUG] (FabricLoader/Mixin) Selecting config porting_lib_loot.mixins.json
[17:28:13] [main/DEBUG] (FabricLoader/Mixin) Remapping refMap porting_lib_loot-refmap.json using remapper chain
[17:28:13] [main/DEBUG] (FabricLoader/Mixin) Selecting config porting_lib_transfer.mixins.json
[17:28:13] [main/DEBUG] (FabricLoader/Mixin) Remapping refMap porting_lib_transfer-refmap.json using remapper chain
[17:28:13] [main/DEBUG] (FabricLoader/Mixin) Selecting config fabric-models-v0.mixins.json
[17:28:13] [main/DEBUG] (FabricLoader/Mixin) Remapping refMap client-fabric-models-v0-refmap.json using remapper chain
[17:28:13] [main/DEBUG] (FabricLoader/Mixin) Selecting config fabric-gametest-api-v1.mixins.json
[17:28:13] [main/DEBUG] (FabricLoader/Mixin) Remapping refMap fabric-gametest-api-v1-refmap.json using remapper chain
[17:28:13] [main/DEBUG] (FabricLoader/Mixin) Selecting config fabric-loot-api-v2.mixins.json
[17:28:13] [main/DEBUG] (FabricLoader/Mixin) Remapping refMap fabric-loot-api-v2-refmap.json using remapper chain
[17:28:13] [main/DEBUG] (FabricLoader/Mixin) Selecting config create.mixins.json
[17:28:13] [main/DEBUG] (FabricLoader/Mixin) Remapping refMap create-fabric-refmap.json using remapper chain
[17:28:13] [main/DEBUG] (FabricLoader/Mixin) Selecting config flywheel.mixins.json
[17:28:13] [main/DEBUG] (FabricLoader/Mixin) Remapping refMap flywheel-fabric-1.19.2-refmap.json using remapper chain
[17:28:13] [main/DEBUG] (FabricLoader/Mixin) Selecting config flywheel.sodium.mixins.json
[17:28:13] [main/DEBUG] (FabricLoader/Mixin) Remapping refMap flywheel-fabric-1.19.2-refmap.json using remapper chain
[17:28:13] [main/DEBUG] (FabricLoader/Mixin) Selecting config flywheel.fabric.mixins.json
[17:28:13] [main/DEBUG] (FabricLoader/Mixin) Remapping refMap flywheel-fabric-1.19.2-refmap.json using remapper chain
[17:28:13] [main/DEBUG] (FabricLoader/Mixin) Selecting config fabric-object-builder-v1.mixins.json
[17:28:13] [main/DEBUG] (FabricLoader/Mixin) Remapping refMap fabric-object-builder-api-v1-refmap.json using remapper chain
[17:28:13] [main/DEBUG] (FabricLoader/Mixin) Selecting config fabric-object-builder-v1.client.mixins.json
[17:28:13] [main/DEBUG] (FabricLoader/Mixin) Remapping refMap client-fabric-object-builder-api-v1-refmap.json using remapper chain
[17:28:13] [main/DEBUG] (FabricLoader/Mixin) Selecting config fabric-dimensions-v1.mixins.json
[17:28:13] [main/DEBUG] (FabricLoader/Mixin) Remapping refMap fabric-dimensions-v1-refmap.json using remapper chain
[17:28:13] [main/DEBUG] (FabricLoader/Mixin) Selecting config fabric-textures-v0.mixins.json
[17:28:13] [main/DEBUG] (FabricLoader/Mixin) Remapping refMap client-fabric-textures-v0-refmap.json using remapper chain
[17:28:13] [main/DEBUG] (FabricLoader/Mixin) Selecting config fabric-crash-report-info-v1.mixins.json
[17:28:13] [main/DEBUG] (FabricLoader/Mixin) Remapping refMap fabric-crash-report-info-v1-refmap.json using remapper chain
[17:28:13] [main/DEBUG] (FabricLoader/Mixin) Selecting config mixins.satin.client.json
[17:28:13] [main/DEBUG] (FabricLoader/Mixin) Remapping refMap satin-refmap.json using remapper chain
[17:28:13] [main/DEBUG] (FabricLoader/Mixin) Selecting config fabric-content-registries-v0.mixins.json
[17:28:13] [main/DEBUG] (FabricLoader/Mixin) Remapping refMap fabric-content-registries-v0-refmap.json using remapper chain
[17:28:13] [main/DEBUG] (FabricLoader/Mixin) Selecting config fabric-rendering-v1.mixins.json
[17:28:13] [main/DEBUG] (FabricLoader/Mixin) Remapping refMap client-fabric-rendering-v1-refmap.json using remapper chain
[17:28:13] [main/DEBUG] (FabricLoader/Mixin) Selecting config additionalentityattributes.mixins.json
[17:28:13] [main/DEBUG] (FabricLoader/Mixin) Remapping refMap additionalentityattributes-refmap.json using remapper chain
[17:28:13] [main/DEBUG] (FabricLoader/Mixin) Selecting config fabric-resource-conditions-api-v1.mixins.json
[17:28:13] [main/DEBUG] (FabricLoader/Mixin) Remapping refMap fabric-resource-conditions-api-v1-refmap.json using remapper chain
[17:28:13] [main/DEBUG] (FabricLoader/Mixin) Selecting config fabric-screen-handler-api-v1.mixins.json
[17:28:13] [main/DEBUG] (FabricLoader/Mixin) Remapping refMap fabric-screen-handler-api-v1-refmap.json using remapper chain
[17:28:13] [main/DEBUG] (FabricLoader/Mixin) Selecting config porting_lib_obj_loader.mixins.json
[17:28:13] [main/DEBUG] (FabricLoader/Mixin) Remapping refMap porting_lib_obj_loader-refmap.json using remapper chain
[17:28:13] [main/DEBUG] (FabricLoader/Mixin) Preparing porting_lib_base.mixins.json (167)
[17:28:13] [main/DEBUG] (FabricLoader/Mixin) @Mixin target net/minecraft/screen/BrewingStandScreenHandler$IngredientSlot is public in porting_lib_base.mixins.json:common.BrewingStandMenu$IngredientsSlotMixin from mod porting_lib_base and should be specified in value
[17:28:13] [main/DEBUG] (FabricLoader/Mixin) @Mixin target net/minecraft/screen/BrewingStandScreenHandler$PotionSlot is public in porting_lib_base.mixins.json:common.BrewingStandMenu$PotionSlotMixin from mod porting_lib_base and should be specified in value
[17:28:14] [main/DEBUG] (FabricLoader/Mixin) @Mixin target net/minecraft/client/world/ClientWorld$ClientEntityHandler is public in porting_lib_base.mixins.json:client.ClientLevel$EntityCallbacksMixin from mod porting_lib_base and should be specified in value
[17:28:14] [main/DEBUG] (FabricLoader/Mixin) Preparing porting_lib_attributes.common.mixins.json (3)
[17:28:14] [main/DEBUG] (FabricLoader/Mixin) Preparing porting_lib_accessors.mixins.json (69)
[17:28:14] [main/DEBUG] (FabricLoader/Mixin) Preparing porting_lib_common.mixins.json (3)
[17:28:14] [main/DEBUG] (FabricLoader/Mixin) Preparing fabric-registry-sync-v0.mixins.json (12)
[17:28:14] [main/DEBUG] (FabricLoader/Mixin) Preparing fabric-registry-sync-v0.client.mixins.json (5)
[17:28:14] [main/DEBUG] (FabricLoader/Mixin) Preparing fabric-mining-level-api-v1.mixins.json (3)
[17:28:14] [main/DEBUG] (FabricLoader/Mixin) Preparing fabric-command-api-v2.mixins.json (5)
[17:28:14] [main/DEBUG] (FabricLoader/Mixin) Preparing fabric-command-api-v2.client.mixins.json (3)
[17:28:14] [main/DEBUG] (FabricLoader/Mixin) Preparing mixins.modmenu.json (1)
[17:28:14] [main/DEBUG] (FabricLoader/Mixin) Preparing fabric-events-interaction-v0.mixins.json (3)
[17:28:14] [main/DEBUG] (FabricLoader/Mixin) @Mixin target net/minecraft/server/network/ServerPlayNetworkHandler$1 is public in fabric-events-interaction-v0.mixins.json:ServerPlayNetworkHandlerMixin from mod fabric-events-interaction-v0 and should be specified in value
[17:28:14] [main/DEBUG] (FabricLoader/Mixin) Preparing fabric-events-interaction-v0.client.mixins.json (2)
[17:28:14] [main/DEBUG] (FabricLoader/Mixin) Preparing fabric-rendering-data-attachment-v1.mixins.json (2)
[17:28:14] [main/DEBUG] (FabricLoader/Mixin) Preparing fabric-rendering-data-attachment-v1.client.mixins.json (2)
[17:28:14] [main/DEBUG] (FabricLoader/Mixin) Preparing fabric-resource-loader-v0.mixins.json (17)
[17:28:14] [main/DEBUG] (FabricLoader/Mixin) Preparing fabric-resource-loader-v0.client.mixins.json (6)
[17:28:14] [main/DEBUG] (FabricLoader/Mixin) @Mixin target net/minecraft/client/font/FontManager$1 is public in fabric-resource-loader-v0.client.mixins.json:FontManagerMixin from mod fabric-resource-loader-v0 and should be specified in value
[17:28:14] [main/DEBUG] (FabricLoader/Mixin) Preparing calio.mixins.json (9)
[17:28:14] [main/DEBUG] (FabricLoader/Mixin) Preparing pickyourpoison.mixins.json (16)
[17:28:14] [main/DEBUG] (FabricLoader/Mixin) Preparing mixins.playerabilitylib.common.json (2)
[17:28:14] [main/DEBUG] (FabricLoader/Mixin) Preparing fabric-game-rule-api-v1.mixins.json (6)
[17:28:14] [main/DEBUG] (FabricLoader/Mixin) @Mixin target net/minecraft/server/command/GameRuleCommand$1 is public in fabric-game-rule-api-v1.mixins.json:GameRuleCommandVisitorMixin from mod fabric-game-rule-api-v1 and should be specified in value
[17:28:14] [main/DEBUG] (FabricLoader/Mixin) Preparing fabric-game-rule-api-v1.client.mixins.json (3)
[17:28:14] [main/DEBUG] (FabricLoader/Mixin) @Mixin target net/minecraft/client/gui/screen/world/EditGameRulesScreen$RuleListWidget$1 is public in fabric-game-rule-api-v1.client.mixins.json:RuleListWidgetVisitorMixin from mod fabric-game-rule-api-v1 and should be specified in value
[17:28:14] [main/DEBUG] (FabricLoader/Mixin) Preparing fabric-biome-api-v1.mixins.json (9)
[17:28:14] [main/DEBUG] (FabricLoader/Mixin) Preparing porting_lib_extensions.mixins.json (7)
[17:28:14] [main/DEBUG] (FabricLoader/Mixin) Preparing origins.mixins.json (13)
[17:28:14] [main/DEBUG] (FabricLoader/Mixin) Preparing porting_lib_models.mixins.json (9)
[17:28:14] [main/DEBUG] (FabricLoader/Mixin) Preparing emi.mixins.json (22)
[17:28:14] [main/WARN] (FabricLoader/Mixin) Error loading class: mezz/jei/library/load/PluginCaller (java.lang.ClassNotFoundException: mezz/jei/library/load/PluginCaller)
[17:28:14] [main/DEBUG] (FabricLoader/Mixin) Skipping virtual target mezz.jei.library.load.PluginCaller for emi.mixins.json:jei.PluginCallerMixin from mod emi
[17:28:14] [main/DEBUG] (FabricLoader/Mixin) Preparing emi-fabric.mixins.json (20)
[17:28:14] [main/DEBUG] (FabricLoader/Mixin) Preparing mixins.devauth.json (1)
[17:28:14] [main/DEBUG] (FabricLoader/Mixin) Preparing porting_lib_entity.mixins.json (1)
[17:28:14] [main/DEBUG] (FabricLoader/Mixin) Preparing fabric-message-api-v1.mixins.json (2)
[17:28:14] [main/DEBUG] (FabricLoader/Mixin) Preparing mixins.reach-entity-attributes.json (14)
[17:28:14] [main/DEBUG] (FabricLoader/Mixin) @Mixin target net/minecraft/block/entity/LecternBlockEntity$1 is public in mixins.reach-entity-attributes.json:InventoryValidationMixin from mod reach-entity-attributes and should be specified in value
[17:28:14] [main/DEBUG] (FabricLoader/Mixin) @Mixin target net/minecraft/server/network/ServerPlayNetworkHandler$1 is public in mixins.reach-entity-attributes.json:PlayerEntityInteractionHandlerMixin from mod reach-entity-attributes and should be specified in value
[17:28:14] [main/DEBUG] (FabricLoader/Mixin) Preparing fabric-api-lookup-api-v1.mixins.json (2)
[17:28:14] [main/DEBUG] (FabricLoader/Mixin) Preparing midnightlib.mixins.json (2)
[17:28:14] [main/DEBUG] (FabricLoader/Mixin) Preparing fabric-item-api-v1.mixins.json (7)
[17:28:14] [main/DEBUG] (FabricLoader/Mixin) Preparing fabric-item-api-v1.client.mixins.json (3)
[17:28:14] [main/DEBUG] (FabricLoader/Mixin) Preparing fabric-rendering-fluids-v1.mixins.json (1)
[17:28:14] [main/DEBUG] (FabricLoader/Mixin) Preparing fabric-renderer-api-v1.mixins.json (4)
[17:28:14] [main/DEBUG] (FabricLoader/Mixin) Preparing fabric-renderer-api-v1.debughud.mixins.json (1)
[17:28:14] [main/DEBUG] (FabricLoader/Mixin) Preparing fabric-networking-api-v1.mixins.json (10)
[17:28:14] [main/DEBUG] (FabricLoader/Mixin) @Mixin target net/minecraft/server/world/ThreadedAnvilChunkStorage$EntityTracker is public in fabric-networking-api-v1.mixins.json:accessor.EntityTrackerAccessor from mod fabric-networking-api-v1 and should be specified in value
[17:28:14] [main/DEBUG] (FabricLoader/Mixin) Preparing fabric-networking-api-v1.client.mixins.json (5)
[17:28:14] [main/DEBUG] (FabricLoader/Mixin) Preparing icarus.mixins.json (6)
[17:28:14] [main/DEBUG] (FabricLoader/Mixin) Preparing forgeconfigapiport.fabric.mixins.json (4)
[17:28:14] [main/DEBUG] (FabricLoader/Mixin) Preparing fabric-particles-v1.client.mixins.json (4)
[17:28:14] [main/DEBUG] (FabricLoader/Mixin) Preparing fabric-lifecycle-events-v1.mixins.json (9)
[17:28:14] [main/DEBUG] (FabricLoader/Mixin) @Mixin target net/minecraft/server/world/ServerWorld$ServerEntityHandler is public in fabric-lifecycle-events-v1.mixins.json:ServerWorldServerEntityHandlerMixin from mod fabric-lifecycle-events-v1 and should be specified in value
[17:28:14] [main/DEBUG] (FabricLoader/Mixin) Preparing fabric-lifecycle-events-v1.client.mixins.json (6)
[17:28:14] [main/DEBUG] (FabricLoader/Mixin) @Mixin target net/minecraft/client/world/ClientWorld$ClientEntityHandler is public in fabric-lifecycle-events-v1.client.mixins.json:ClientWorldClientEntityHandlerMixin from mod fabric-lifecycle-events-v1 and should be specified in value
[17:28:14] [main/DEBUG] (FabricLoader/Mixin) Preparing fabric-entity-events-v1.mixins.json (8)
[17:28:14] [main/DEBUG] (FabricLoader/Mixin) Preparing fabric-entity-events-v1.client.mixins.json (1)
[17:28:14] [main/DEBUG] (FabricLoader/Mixin) Preparing fabric-transfer-api-v1.mixins.json (10)
[17:28:14] [main/DEBUG] (FabricLoader/Mixin) Preparing fabric-renderer-indigo.mixins.json (4)
[17:28:14] [main/DEBUG] (FabricLoader/Mixin) Preparing mixinextras.init.mixins.json (0)
[17:28:14] [main/DEBUG] (FabricLoader/Mixin) Preparing porting_lib_tags.mixins.json (1)
[17:28:14] [main/DEBUG] (FabricLoader/Mixin) Preparing fabric-data-generation-api-v1.mixins.json (5)
[17:28:14] [main/DEBUG] (FabricLoader/Mixin) Preparing fabric-data-generation-api-v1.client.mixins.json (1)
[17:28:14] [main/DEBUG] (FabricLoader/Mixin) Preparing fabric-recipe-api-v1.mixins.json (3)
[17:28:14] [main/DEBUG] (FabricLoader/Mixin) Preparing mixins.mm.json (0)
[17:28:14] [main/DEBUG] (FabricLoader/Mixin) Preparing timeshattered.mixins.json (1)
[17:28:14] [main/DEBUG] (FabricLoader/Mixin) Preparing geckolib3.mixins.json (1)
[17:28:14] [main/DEBUG] (FabricLoader/Mixin) Preparing registrate-fabric.mixins.json (6)
[17:28:14] [main/DEBUG] (FabricLoader/Mixin) Preparing fabric-block-api-v1.mixins.json (2)
[17:28:14] [main/DEBUG] (FabricLoader/Mixin) Preparing fabric-key-binding-api-v1.mixins.json (2)
[17:28:14] [main/DEBUG] (FabricLoader/Mixin) Preparing apoli.mixins.json (60)
[17:28:14] [main/DEBUG] (FabricLoader/Mixin) @Mixin target net/minecraft/screen/GrindstoneScreenHandler$3 is public in apoli.mixins.json:GrindstoneScreenHandlerBottomInputSlotMixin from mod apoli and should be specified in value
[17:28:14] [main/DEBUG] (FabricLoader/Mixin) @Mixin target net/minecraft/screen/GrindstoneScreenHandler$4 is public in apoli.mixins.json:GrindstoneScreenHandlerOutputSlotMixin from mod apoli and should be specified in value
[17:28:14] [main/DEBUG] (FabricLoader/Mixin) @Mixin target net/minecraft/screen/GrindstoneScreenHandler$2 is public in apoli.mixins.json:GrindstoneScreenHandlerTopInputSlotMixin from mod apoli and should be specified in value
[17:28:14] [main/DEBUG] (FabricLoader/Mixin) @Mixin target net/minecraft/screen/PlayerScreenHandler$1 is public in apoli.mixins.json:PlayerScreenHandlerMixin from mod apoli and should be specified in value
[17:28:14] [main/DEBUG] (FabricLoader/Mixin) Preparing fabric-blockrenderlayer-v1.mixins.json (1)
[17:28:14] [main/DEBUG] (FabricLoader/Mixin) Preparing fabric-item-groups-v0.mixins.json (1)
[17:28:14] [main/DEBUG] (FabricLoader/Mixin) Preparing fabric-item-groups-v0.client.mixins.json (2)
[17:28:14] [main/DEBUG] (FabricLoader/Mixin) Preparing porting_lib_fake_players.mixins.json (4)
[17:28:14] [main/DEBUG] (FabricLoader/Mixin) Preparing fabric-sound-api-v1.mixins.json (2)
[17:28:14] [main/DEBUG] (FabricLoader/Mixin) Preparing trinkets.mixins.json (16)
[17:28:14] [main/DEBUG] (FabricLoader/Mixin) Preparing porting_lib_model_loader.mixins.json (9)
[17:28:14] [main/DEBUG] (FabricLoader/Mixin) Preparing fabric-screen-api-v1.mixins.json (6)
[17:28:14] [main/DEBUG] (FabricLoader/Mixin) Preparing milk.mixins.json (9)
[17:28:14] [main/DEBUG] (FabricLoader/Mixin) Preparing dripstone_fluid_lib.mixins.json (8)
[17:28:14] [main/DEBUG] (FabricLoader/Mixin) Preparing mixins.cardinal_components_entity.json (7)
[17:28:14] [main/DEBUG] (FabricLoader/Mixin) Preparing serialization_hooks.mixins.json (1)
[17:28:14] [main/DEBUG] (FabricLoader/Mixin) Preparing porting_lib_loot.mixins.json (4)
[17:28:14] [main/DEBUG] (FabricLoader/Mixin) Preparing porting_lib_transfer.mixins.json (3)
[17:28:14] [main/DEBUG] (FabricLoader/Mixin) Preparing fabric-models-v0.mixins.json (2)
[17:28:14] [main/DEBUG] (FabricLoader/Mixin) Preparing fabric-gametest-api-v1.mixins.json (7)
[17:28:14] [main/DEBUG] (FabricLoader/Mixin) Preparing fabric-loot-api-v2.mixins.json (5)
[17:28:14] [main/DEBUG] (FabricLoader/Mixin) Preparing flywheel.mixins.json (25)
[17:28:14] [main/DEBUG] (FabricLoader/Mixin) @Mixin target net/minecraft/client/render/chunk/ChunkBuilder$BuiltChunk$RebuildTask is public in flywheel.mixins.json:instancemanage.ChunkRebuildHooksMixin from mod flywheel and should be specified in value
[17:28:14] [main/DEBUG] (FabricLoader/Mixin) Preparing flywheel.sodium.mixins.json (1)
[17:28:14] [main/DEBUG] (FabricLoader/Mixin) Preparing flywheel.fabric.mixins.json (7)
[17:28:14] [main/DEBUG] (FabricLoader/Mixin) Preparing fabric-object-builder-v1.mixins.json (8)
[17:28:14] [main/DEBUG] (FabricLoader/Mixin) Preparing fabric-object-builder-v1.client.mixins.json (4)
[17:28:14] [main/DEBUG] (FabricLoader/Mixin) Preparing fabric-dimensions-v1.mixins.json (3)
[17:28:14] [main/DEBUG] (FabricLoader/Mixin) Preparing fabric-textures-v0.mixins.json (1)
[17:28:14] [main/DEBUG] (FabricLoader/Mixin) Preparing fabric-crash-report-info-v1.mixins.json (1)
[17:28:14] [main/DEBUG] (FabricLoader/Mixin) Preparing mixins.satin.client.json (15)
[17:28:14] [main/DEBUG] (FabricLoader/Mixin) Preparing fabric-content-registries-v0.mixins.json (14)
[17:28:14] [main/DEBUG] (FabricLoader/Mixin) Preparing fabric-rendering-v1.mixins.json (17)
[17:28:14] [main/DEBUG] (FabricLoader/Mixin) @Mixin target net/minecraft/client/render/Shader$1 is public in fabric-rendering-v1.mixins.json:shader.ShaderImportProcessorMixin from mod fabric-rendering-v1 and should be specified in value
[17:28:14] [main/DEBUG] (FabricLoader/Mixin) Preparing additionalentityattributes.mixins.json (3)
[17:28:14] [main/DEBUG] (FabricLoader/Mixin) Preparing fabric-resource-conditions-api-v1.mixins.json (4)
[17:28:14] [main/DEBUG] (FabricLoader/Mixin) Preparing fabric-screen-handler-api-v1.mixins.json (2)
[17:28:14] [main/DEBUG] (FabricLoader/Mixin) Preparing porting_lib_obj_loader.mixins.json (1)
[17:28:14] [main/DEBUG] (FabricLoader/Mixin) Preparing create.mixins.json (41)
[17:28:14] [main/DEBUG] (FabricLoader/Mixin) Inner class io/github/fabricators_of_create/porting_lib/mixin/common/LevelMixin$1 in io/github/fabricators_of_create/porting_lib/mixin/common/LevelMixin on net/minecraft/world/World gets unique name net/minecraft/world/World$Anonymous$746c8b03f4654bb59651836011d9b60b
[17:28:14] [main/DEBUG] (FabricLoader/Mixin) Prepared 827 mixins in 0.823 sec (1.0ms avg) (0ms load, 0ms transform, 0ms plugin)
[17:28:14] [main/INFO] (FabricLoader/MixinExtras|Service) Initializing MixinExtras via com.llamalad7.mixinextras.service.MixinExtrasServiceImpl(version=0.4.1).
[17:28:14] [main/DEBUG] (FabricLoader/Mixin) Registering new injector for @SugarWrapper with com.llamalad7.mixinextras.sugar.impl.SugarWrapperInjectionInfo
[17:28:14] [main/DEBUG] (FabricLoader/Mixin) Registering new injector for @FactoryRedirectWrapper with com.llamalad7.mixinextras.wrapper.factory.FactoryRedirectWrapperInjectionInfo
[17:28:14] [main/DEBUG] (FabricLoader/Mixin) Mixing MainMixin from mixins.devauth.json into net.minecraft.client.main.Main
[17:28:14] [main/DEBUG] (FabricLoader/Mixin) Mixing ClientMainMixin from flywheel.mixins.json into net.minecraft.client.main.Main
[17:28:14] [main/DEBUG] (FabricLoader/Mixin) flywheel.mixins.json:ClientMainMixin from mod flywheel->@Inject::injectRenderDoc(Lorg/spongepowered/asm/mixin/injection/callback/CallbackInfo;)V doesn't use it's CallbackInfo
[17:28:14] [main/INFO] (DevAuth/Microsoft) Fetching token session
[17:28:14] [main/INFO] (DevAuth/Microsoft) Fetching token xsts
[17:28:14] [main/INFO] (DevAuth/Microsoft) Fetching token xbl
[17:28:14] [main/INFO] (DevAuth/Microsoft) Fetching token oauth
[17:28:14] [main/INFO] (DevAuth/Microsoft) OAuth URL, open this in a browser to complete authentication: https://login.live.com/oauth20_authorize.srf?client_id=757bb3b3-b7ca-4bcd-a160-c92e6379c263&response_type=code&redirect_uri=http%3A%2F%2F127.0.0.1%3A3000&scope=XboxLive.signin+XboxLive.offline_access&prompt=select_account&code_challenge=Rn2Qq5fsu3b8QBE1826qJYRzaOmHz1Prhsnkpuk-Av8&code_challenge_method=S256
[17:28:20] [main/INFO] (DevAuth/Microsoft) Fetched token oauth (Expiry: 2025-05-28T16:28:20Z or in 00:00:59:59)
[17:28:20] [main/INFO] (DevAuth/Microsoft) Fetched token xbl (Expiry: 2025-06-01T15:28:20Z or in 03:23:59:59)
[17:28:21] [main/INFO] (DevAuth/Microsoft) Fetched token xsts (Expiry: 2025-05-29T07:28:21Z or in 00:15:59:59)
[17:28:21] [main/INFO] (DevAuth/Microsoft) Fetched token session (Expiry: 2025-05-29T15:28:21Z or in 00:23:59:59)
[17:28:24] [main/ERROR] (FabricLoader) Minecraft has crashed!
net.fabricmc.loader.impl.FormattedException: java.lang.RuntimeException: Failed to login
	at net.fabricmc.loader.impl.FormattedException.ofLocalized(FormattedException.java:63) ~[fabric-loader-0.16.10.jar:?]
	at net.fabricmc.loader.impl.game.minecraft.MinecraftGameProvider.launch(MinecraftGameProvider.java:482) ~[fabric-loader-0.16.10.jar:?]
	at net.fabricmc.loader.impl.launch.knot.Knot.launch(Knot.java:74) [fabric-loader-0.16.10.jar:?]
	at net.fabricmc.loader.impl.launch.knot.KnotClient.main(KnotClient.java:23) [fabric-loader-0.16.10.jar:?]
	at net.fabricmc.devlaunchinjector.Main.main(Main.java:86) [dev-launch-injector-0.2.1+build.8.jar:?]
Caused by: java.lang.RuntimeException: Failed to login
	at me.djtheredstoner.devauth.common.auth.microsoft.MicrosoftAuthProvider.login(MicrosoftAuthProvider.java:176) ~[DevAuth-common-1.2.0.jar:?]
	at me.djtheredstoner.devauth.common.DevAuth.login(DevAuth.java:62) ~[DevAuth-common-1.2.0.jar:?]
	at me.djtheredstoner.devauth.common.DevAuth.processArguments(DevAuth.java:35) ~[DevAuth-common-1.2.0.jar:?]
	at net.minecraft.client.main.Main.localvar$zof000$devauth$modifyArgs(Main.java:514) ~[minecraft-merged-project-root-1.19.2-net.fabricmc.yarn.1_19_2.1.19.2+build.28-v2.jar:?]
	at net.minecraft.client.main.Main.main(Main.java) ~[minecraft-merged-project-root-1.19.2-net.fabricmc.yarn.1_19_2.1.19.2+build.28-v2.jar:?]
	at net.fabricmc.loader.impl.game.minecraft.MinecraftGameProvider.launch(MinecraftGameProvider.java:480) ~[fabric-loader-0.16.10.jar:?]
	... 3 more
Caused by: java.lang.RuntimeException: Failed to fetch minecraft profile
	at me.djtheredstoner.devauth.common.auth.microsoft.MicrosoftAuthProvider.getMinecraftProfile(MicrosoftAuthProvider.java:205) ~[DevAuth-common-1.2.0.jar:?]
	at me.djtheredstoner.devauth.common.auth.microsoft.MicrosoftAuthProvider.login(MicrosoftAuthProvider.java:171) ~[DevAuth-common-1.2.0.jar:?]
	at me.djtheredstoner.devauth.common.DevAuth.login(DevAuth.java:62) ~[DevAuth-common-1.2.0.jar:?]
	at me.djtheredstoner.devauth.common.DevAuth.processArguments(DevAuth.java:35) ~[DevAuth-common-1.2.0.jar:?]
	at net.minecraft.client.main.Main.localvar$zof000$devauth$modifyArgs(Main.java:514) ~[minecraft-merged-project-root-1.19.2-net.fabricmc.yarn.1_19_2.1.19.2+build.28-v2.jar:?]
	at net.minecraft.client.main.Main.main(Main.java) ~[minecraft-merged-project-root-1.19.2-net.fabricmc.yarn.1_19_2.1.19.2+build.28-v2.jar:?]
	at net.fabricmc.loader.impl.game.minecraft.MinecraftGameProvider.launch(MinecraftGameProvider.java:480) ~[fabric-loader-0.16.10.jar:?]
	... 3 more
Caused by: java.lang.RuntimeException: Received bad status 504 Gateway Timeout body: {
  "path" : "/minecraft/profile"
}
	at me.djtheredstoner.devauth.common.util.request.Http.checkStatus(Http.java:35) ~[DevAuth-common-1.2.0.jar:?]
	at me.djtheredstoner.devauth.common.auth.microsoft.MicrosoftAuthProvider.getMinecraftProfile(MicrosoftAuthProvider.java:193) ~[DevAuth-common-1.2.0.jar:?]
	at me.djtheredstoner.devauth.common.auth.microsoft.MicrosoftAuthProvider.login(MicrosoftAuthProvider.java:171) ~[DevAuth-common-1.2.0.jar:?]
	at me.djtheredstoner.devauth.common.DevAuth.login(DevAuth.java:62) ~[DevAuth-common-1.2.0.jar:?]
	at me.djtheredstoner.devauth.common.DevAuth.processArguments(DevAuth.java:35) ~[DevAuth-common-1.2.0.jar:?]
	at net.minecraft.client.main.Main.localvar$zof000$devauth$modifyArgs(Main.java:514) ~[minecraft-merged-project-root-1.19.2-net.fabricmc.yarn.1_19_2.1.19.2+build.28-v2.jar:?]
	at net.minecraft.client.main.Main.main(Main.java) ~[minecraft-merged-project-root-1.19.2-net.fabricmc.yarn.1_19_2.1.19.2+build.28-v2.jar:?]
	at net.fabricmc.loader.impl.game.minecraft.MinecraftGameProvider.launch(MinecraftGameProvider.java:480) ~[fabric-loader-0.16.10.jar:?]
	... 3 more
